Symbol,Security,GICS Sector,GICS Sub-Industry,Headquarters Location,Date added,CIK,Founded,DividendYield,PayoutRatio,Beta,MarketCap,Industry,Sector,Exchange,Currency,TrailingPE,ForwardPE,DividendRate,TrailingEps,ForwardEps
MMM,3M,Industrials,Industrial Conglomerates,"Saint Paul, Minnesota",1957-03-04,66740,1902,1.85,0.5364,1.074,84655833088.0,Conglomerates,Industrials,NYQ,USD,29.156303,16.699509,3.12,5.63,9.82963
AOS,A. O. Smith,Industrials,Building Products,"Milwaukee, Wisconsin",2017-07-26,91142,1916,2.48,0.3955,1.153,7661166080.0,Specialty Industrial Machinery,Industrials,NYQ,USD,15.70195,13.794842,1.44,3.59,4.08631
ABT,Abbott Laboratories,Health Care,Health Care Equipment,"North Chicago, Illinois",1957-03-04,1800,1888,2.5,0.7896,0.586,172143394816.0,Medical Devices,Healthcare,NYQ,USD,32.725166,16.293926,2.52,3.02,6.06545
ABBV,AbbVie,Health Care,Biotechnology,"North Chicago, Illinois",2012-12-31,1551152,2013 (1888),2.63,1.9039999,0.281,462260207616.0,Drug Manufacturers - General,Healthcare,NYQ,USD,73.687325,16.080488,6.92,3.55,16.26754
ACN,Accenture,Information Technology,IT Consulting & Other Services,"Dublin, Ireland",2011-07-06,1467373,1989,3.68,0.5088,1.092,112211812352.0,Information Technology Services,Technology,NYQ,USD,14.646165,12.503733,6.52,12.52,14.66522
ADBE,Adobe Inc.,Information Technology,Application Software,"San Jose, California",1997-05-05,796343,1982,0.0,0.0,1.417,95376154624.0,Software - Application,Technology,NMS,USD,13.396985,8.670458,0.0,0.0,0.0
AMD,Advanced Micro Devices,Information Technology,Semiconductors,"Santa Clara, California",2017-03-20,2488,1969,0.0,0.0,2.476,998682918912.0,Semiconductors,Technology,NMS,USD,154.87595,39.270035,0.0,0.0,0.0
AES,AES Corporation,Utilities,Independent Power Producers & Energy Traders,"Arlington, Virginia",1998-10-02,874761,1981,4.74,0.2636,0.95,10626049024.0,Utilities - Diversified,Utilities,NYQ,USD,5.5597014,6.2855935,0.7,2.68,2.3705
AFL,Aflac,Financials,Life & Health Insurance,"Columbus, Georgia",1999-05-28,4977,1955,2.15,0.2567,0.58,56040153088.0,Insurance - Life,Financial Services,NYQ,USD,12.256579,14.799907,2.44,9.12,7.55275
A,Agilent Technologies,Health Care,Life Sciences Tools & Services,"Santa Clara, California",2000-06-05,1090872,1999,0.58,0.1998,1.241,48579162112.0,Diagnostics & Research,Healthcare,NYQ,USD,34.461998,25.496773,1.02,5.0,6.75811
APD,Air Products,Materials,Industrial Gases,"Upper Macungie Township, Pennsylvania",1985-04-30,2969,1940,2.59,0.7566,0.754,61957799936.0,Specialty Chemicals,Basic Materials,NYQ,USD,0.0,0.0,0.0,0.0,0.0
ABNB,Airbnb,Consumer Discretionary,"Hotels, Resorts & Cruise Lines","San Francisco, California",2023-09-18,1559720,2008,0.0,0.0,1.161,96194912256.0,Travel Services,Consumer Cyclical,NMS,USD,36.67808,25.966278,0.0,0.0,0.0
AKAM,Akamai Technologies,Information Technology,Internet Services & Infrastructure,"Cambridge, Massachusetts",2007-07-12,1086222,1998,0.0,0.0,0.635,15284260864.0,Software - Infrastructure,Technology,NMS,USD,38.672726,15.527473,0.0,0.0,0.0
ALB,Albemarle Corporation,Materials,Specialty Chemicals,"Charlotte, North Carolina",2016-07-01,915913,1994,1.52,6.0,1.334,12482574336.0,Specialty Chemicals,Basic Materials,NYQ,USD,391.77777,9.36334,1.64,0.27,11.29725
ARE,Alexandria Real Estate Equities,Real Estate,Office REITs,"Pasadena, California",2017-03-20,1035443,1994,5.94,6.8946996,1.168,8167641600.0,REIT - Office,Real Estate,NYQ,USD,0.0,0.0,0.0,0.0,0.0
ALGN,Align Technology,Health Care,Health Care Supplies,"Tempe, Arizona",2017-06-19,1097149,1997,0.0,0.0,1.643,10325643264.0,Medical Instruments & Supplies,Healthcare,NMS,USD,25.500002,11.6231,0.0,0.0,0.0
ALLE,Allegion,Industrials,Building Products,"Dublin, Ireland",2013-12-02,1579241,1908,1.42,0.2782,0.841,13076106240.0,Security & Protection Services,Industrials,NYQ,USD,20.17979,15.733715,2.2,7.62,9.77328
LNT,Alliant Energy,Utilities,Electric Utilities,"Madison, Wisconsin",2016-07-01,352541,1917,3.33,0.65980005,0.532,16412721152.0,Utilities - Regulated Electric,Utilities,NMS,USD,20.031645,17.167358,2.14,3.16,3.68723
ALL,Allstate,Financials,Property & Casualty Insurance,"Northbrook, Illinois",1995-07-13,899051,1931,1.92,0.0833,0.15,56099065856.0,Insurance - Property & Casualty,Financial Services,NYQ,USD,4.443421,7.995969,4.32,49.93,27.74648
GOOGL,Alphabet Inc. (Class A),Communication Services,Interactive Media & Services,"Mountain View, California",2006-04-03,1652044,1998,0.26,0.042600002,1.225,4208075997184.0,Internet Content & Information,Communication Services,NMS,USD,17.255766,22.829782,0.88,19.94,15.07154
GOOG,Alphabet Inc. (Class C),Communication Services,Interactive Media & Services,"Mountain View, California",2014-04-03,1652044,1998,0.26,0.042600002,1.225,4167227932672.0,Internet Content & Information,Communication Services,NMS,USD,17.088264,22.608173,0.88,19.94,15.07154
MO,Altria,Consumer Staples,Tobacco,"Richmond, Virginia",1957-03-04,764180,1985,6.46,0.8926,0.494,112440549376.0,Tobacco,Consumer Defensive,NYQ,USD,14.176842,11.48357,4.44,4.75,5.86403
AMZN,Amazon,Consumer Discretionary,Broadline Retail,"Seattle, Washington",2005-11-18,1018724,1994,0.0,0.0,1.443,2687409848320.0,Internet Retail,Consumer Cyclical,NMS,USD,20.044247,23.81594,0.0,0.0,0.0
AMCR,Amcor,Materials,Paper & Plastic Packaging Products & Materials,"Warmley, Bristol, United Kingdom",2019-06-07,1748790,2019 (1860),6.21,1.0872,0.595,19337048064.0,Packaging & Containers,Consumer Cyclical,NYQ,USD,17.588234,9.608256,2.6,2.38,4.35667
AEE,Ameren,Utilities,Multi-Utilities,"St. Louis, Missouri",1991-09-19,1002910,1902,2.99,0.5141,0.47,27512682496.0,Utilities - Regulated Electric,Utilities,NYQ,USD,17.496479,17.130732,3.0,5.68,5.80127
AEP,American Electric Power,Utilities,Electric Utilities,"Columbus, Ohio",1957-03-04,4904,1906,3.19,0.65510005,0.5,64587304960.0,Utilities - Regulated Electric,Utilities,NMS,USD,20.668991,17.302431,3.8,5.74,6.85684
AXP,American Express,Financials,Consumer Finance,"New York City, New York",1976-06-30,4962,1850,1.24,0.2148,1.048,205361725440.0,Credit Services,Financial Services,NYQ,USD,18.44148,15.080204,3.8,16.49,20.16551
AIG,American International Group,Financials,Multi-line Insurance,"New York City, New York",1980-03-31,5272,1919,2.66,0.3376,0.511,38913708032.0,Insurance - Diversified,Financial Services,NYQ,USD,13.580292,8.460174,2.0,5.48,8.79651
AMT,American Tower,Real Estate,Telecom Tower REITs,"Boston, Massachusetts",2007-11-19,1053507,1995,4.28,0.9601,0.895,76273000448.0,REIT - Specialty,Real Estate,NYQ,USD,22.546831,23.350796,7.16,7.26,7.01004
AWK,American Water Works,Utilities,Water Utilities,"Camden, New Jersey",2016-03-04,1410636,1886,2.76,0.5854,0.58,25729443840.0,Utilities - Regulated Water,Utilities,NYQ,USD,22.47743,19.718697,3.58,5.76,6.56585
AMP,Ameriprise Financial,Financials,Asset Management & Custody Banks,"Minneapolis, Minnesota",2005-10-03,820027,1894,1.37,0.157,1.134,43523739648.0,Asset Management,Financial Services,NYQ,USD,11.89826,9.529024,6.8,41.38,51.66846
AME,Ametek,Industrials,Electrical Components & Equipment,"Berwyn, Pennsylvania",2013-09-23,1037868,1930,0.54,0.1901,0.989,56780460032.0,Specialty Industrial Machinery,Industrials,NYQ,USD,36.164963,25.845537,1.36,6.85,9.58502
AMGN,Amgen,Health Care,Biotechnology,"Thousand Oaks, California",1992-01-02,318154,1980,2.38,0.6087,0.426,227881795584.0,Drug Manufacturers - General,Healthcare,NMS,USD,26.180746,17.240398,10.08,16.1,24.44897
APH,Amphenol,Information Technology,Electronic Components,"Wallingford, Connecticut",2008-09-30,820313,1932,0.59,0.2288,1.242,207881011200.0,Electronic Components,Technology,NYQ,USD,42.15,25.641493,0.5,2.0,3.28764
ADI,Analog Devices,Information Technology,Semiconductors,"Wilmington, Massachusetts",1999-10-12,6281,1965,1.1,0.4964,1.205,192231964672.0,Semiconductors,Technology,NMS,USD,47.227383,24.2664,4.4,8.4,16.34812
AON,Aon plc,Financials,Insurance Brokers,"London, United Kingdom",1996-04-23,315293,1982 (1919),1.19,0.1684,0.66,58709954560.0,Insurance Brokers,Financial Services,NYQ,USD,15.265858,13.623353,3.28,18.13,20.31585
APA,APA Corporation,Energy,Oil & Gas Exploration & Production,"Houston, Texas",1997-07-28,1841666,1954,2.37,0.21100001,0.366,14553602048.0,Oil & Gas E&P,Energy,NMS,USD,8.763714,9.292649,1.0,4.74,4.4702
APO,Apollo Global Management,Financials,Asset Management & Custody Banks,"New York City, New York",2024-12-23,1858681,1990,1.89,0.7447,1.514,68538437632.0,Asset Management,Financial Services,NYQ,USD,41.30249,10.817249,2.25,2.81,10.72916
AAPL,Apple Inc.,Information Technology,"Technology Hardware, Storage & Peripherals","Cupertino, California",1982-11-30,320193,1977,0.33,0.1204,1.085,4860153954304.0,Consumer Electronics,Technology,NMS,USD,38.14662,34.7426,1.08,8.73,9.58535
AMAT,Applied Materials,Information Technology,Semiconductor Materials & Equipment,"Santa Clara, California",1995-03-16,6951,1967,0.41,0.16479999,1.597,405829877760.0,Semiconductor Equipment & Materials,Technology,NMS,USD,44.19879,27.702793,2.12,11.57,18.45951
APP,AppLovin,Communication Services,Advertising,"Palo Alto, California",2025-09-22,1751008,2012,0.0,0.0,2.488,97192550400.0,Advertising Agencies,Communication Services,NMS,USD,23.478577,13.842663,0.0,0.0,0.0
APTV,Aptiv,Consumer Discretionary,Automotive Parts & Equipment,"Schaffhausen, Switzerland",2012-12-24,1521332,1994,0.0,0.0,1.33,9103915008.0,Auto Parts,Consumer Cyclical,NYQ,USD,19.466063,6.5719323,0.0,0.0,0.0
ACGL,Arch Capital Group,Financials,Property & Casualty Insurance,"Hamilton, Bermuda",2022-11-01,947484,1995,0.0,0.0,0.282,31494760448.0,Insurance - Diversified,Financial Services,NMS,USD,7.2269173,9.463299,0.0,0.0,0.0
ADM,Archer Daniels Midland,Consumer Staples,Agricultural Products & Services,"Chicago, Illinois",1957-03-04,7084,1902,2.62,0.5628,0.613,38257704960.0,Farm Products,Consumer Defensive,NYQ,USD,21.688524,13.999703,2.08,3.66,5.67012
ARES,Ares Management,Financials,Asset Management & Custody Banks,"Los Angeles, California",2025-12-11,1176948,1977,4.54,2.2661,1.517,38542409728.0,Asset Management,Financial Services,NYQ,USD,54.5399,16.155905,5.4,2.13,7.19056
ANET,Arista Networks,Information Technology,Communications Equipment,"Santa Clara, California",2018-08-28,1596532,2004,0.0,0.0,1.617,256772734976.0,Computer Hardware,Technology,NYQ,USD,64.631744,39.246872,0.0,0.0,0.0
AJG,Arthur J. Gallagher & Co.,Financials,Insurance Brokers,"Rolling Meadows, Illinois",2016-05-31,354190,1927,1.23,0.44779998,0.506,58473943040.0,Insurance Brokers,Financial Services,NYQ,USD,37.766556,15.346516,2.8,6.04,14.86396
AIZ,Assurant,Financials,Multi-line Insurance,"Atlanta, Georgia",2007-04-10,1267238,1892,1.34,0.16469999,0.542,12996812800.0,Insurance - Property & Casualty,Financial Services,NYQ,USD,12.625778,11.244605,3.52,20.87,23.43346
T,AT&T,Communication Services,Integrated Telecommunication Services,"Dallas, Texas",1983-11-30,732717,1983 (1885),4.55,0.36630002,0.431,167198212096.0,Telecom Services,Communication Services,NYQ,USD,8.026316,9.48302,1.11,3.04,2.57302
ATO,Atmos Energy,Utilities,Gas Utilities,"Dallas, Texas",2019-02-15,731802,1906,2.54,0.46130002,0.594,26436571136.0,Utilities - Regulated Gas,Utilities,NYQ,USD,18.668259,17.34245,4.0,8.38,9.02064
ADSK,Autodesk,Information Technology,Application Software,"San Francisco, California",1989-12-01,769397,1982,0.0,0.0,1.309,43681001472.0,Software - Application,Technology,NMS,USD,27.07254,14.718942,0.0,0.0,0.0
ADP,Automatic Data Processing,Industrials,Human Resource & Employment Services,"Roseland, New Jersey",1981-03-31,8670,1949,2.6,0.6069,0.83,102256672768.0,Software - Application,Technology,NMS,USD,23.588667,19.26045,6.8,10.94,13.39844
AZO,AutoZone,Consumer Discretionary,Automotive Retail,"Memphis, Tennessee",1997-01-02,866787,1979,0.0,0.0,0.34,45769912320.0,Auto Parts,Consumer Cyclical,NYQ,USD,19.478424,14.71786,0.0,0.0,0.0
AVY,Avery Dennison,Materials,Paper & Plastic Packaging Products & Materials,"Mentor, Ohio",1987-12-31,8818,1935,2.34,0.4179,0.814,13054613504.0,Packaging & Containers,Consumer Cyclical,NYQ,USD,18.693317,15.257137,4.0,9.13,11.18624
AXON,Axon Enterprise,Industrials,Aerospace & Defense,"Scottsdale, Arizona",2023-05-04,1069183,1993,0.0,0.0,1.399,34324432896.0,Aerospace & Defense,Industrials,NMS,USD,176.7866,40.07257,0.0,0.0,0.0
BKR,Baker Hughes,Energy,Oil & Gas Equipment & Services,"Houston, Texas",2017-07-07,1701605,2017,1.65,0.2958,0.961,54497808384.0,Oil & Gas Equipment & Services,Energy,NMS,USD,17.652735,17.647514,0.92,3.11,3.11092
BALL,Ball Corporation,Materials,"Metal, Glass & Plastic Containers","Broomfield, Colorado",1984-10-31,9389,1880,1.41,0.2292,0.951,14917791744.0,Packaging & Containers,Consumer Cyclical,NYQ,USD,16.054441,12.388426,0.8,3.49,4.52277
BAC,Bank of America,Financials,Diversified Banks,"Charlotte, North Carolina",1976-06-30,70858,1998 (1923 / 1874),2.33,0.2587,1.164,380615294976.0,Banks - Diversified,Financial Services,NYQ,USD,12.570439,10.308497,1.28,4.33,5.28011
BAX,Baxter International,Health Care,Health Care Equipment,"Deerfield, Illinois",1972-09-30,10456,1931,0.17,3.0769,0.595,12407904256.0,Medical Instruments & Supplies,Healthcare,NYQ,USD,0.0,0.0,0.0,0.0,0.0
BDX,Becton Dickinson,Health Care,Health Care Equipment,"Franklin Lakes, New Jersey",1972-09-30,10795,1897,2.31,0.7249,0.276,48757239808.0,Medical Instruments & Supplies,Healthcare,NYQ,USD,31.458698,13.46625,4.2,5.69,13.29249
BRK-B,Berkshire Hathaway,Financials,Multi-Sector Holdings,"Omaha, Nebraska",2010-02-16,1067983,1839,0.0,0.0,0.603,1065966436352.0,Insurance - Diversified,Financial Services,NYQ,USD,12.514451,22.437721,0.0,0.0,0.0
BBY,Best Buy,Consumer Discretionary,Computer & Electronics Retail,"Richfield, Minnesota",1999-06-29,764478,1966,4.33,0.63560003,1.305,18506371072.0,Specialty Retail,Consumer Cyclical,NYQ,USD,14.682196,12.23311,3.84,6.01,7.21321
TECH,Bio-Techne,Health Care,Life Sciences Tools & Services,"Minneapolis, Minnesota",2021-08-30,842023,1976,0.44,0.2759,1.275,11364618240.0,Biotechnology,Healthcare,NMS,USD,62.47414,31.337294,0.32,1.16,2.31258
BIIB,Biogen,Health Care,Biotechnology,"Cambridge, Massachusetts",2003-11-13,875045,1978,0.0,0.0,0.171,33374674944.0,Drug Manufacturers - General,Healthcare,NMS,USD,40.192173,13.660017,0.0,0.0,0.0
BLK,BlackRock,Financials,Asset Management & Custody Banks,"New York City, New York",2011-04-04,2012383,1988,2.17,0.5243,1.429,171946934272.0,Asset Management,Financial Services,NYQ,USD,25.378658,16.46204,22.92,41.7,64.28669
BX,Blackstone Inc.,Financials,Asset Management & Custody Banks,"New York City, New York",2023-09-18,1393818,1985,4.59,1.1119,1.558,133980921856.0,Asset Management,Financial Services,NYQ,USD,25.53303,15.013837,5.23,4.39,7.46578
XYZ,"Block, Inc.",Financials,Transaction & Payment Processing Services,none,2025-07-23,1512673,2009,0.0,0.0,2.522,44176457728.0,Software - Infrastructure,Technology,NYQ,USD,131.30357,14.178092,0.0,0.0,0.0
BE,Bloom Energy,Industrials,Electrical Components & Equipment,"San Jose, California",2026-09-21,1664703,2001,0.0,0.0,3.811,81578188800.0,Electrical Equipment & Parts,Industrials,NYQ,USD,355.1026,56.19726,0.0,0.0,0.0
BNY,BNY Mellon,Financials,Asset Management & Custody Banks,"New York City, New York",1995-03-31,1390777,2007 (1784),1.51,0.2474,1.048,98132058112.0,Banks - Diversified,Financial Services,NYQ,USD,17.055426,14.109667,2.22,8.48,10.25042
BA,Boeing,Industrials,Aerospace & Defense,"Arlington, Virginia",1957-03-04,12927,1916,0.0,0.0,1.213,146940903424.0,Aerospace & Defense,Industrials,NYQ,USD,66.92446,45.48477,0.0,0.0,0.0
BKNG,Booking Holdings,Consumer Discretionary,"Hotels, Resorts & Cruise Lines","Norwalk, Connecticut",2009-11-06,1075531,1996,1.03,0.17860001,1.068,126235451392.0,Travel Services,Consumer Cyclical,NMS,USD,18.141426,13.172843,1.68,8.98,12.36711
BSX,Boston Scientific,Health Care,Health Care Equipment,"Marlborough, Massachusetts",1995-02-24,885725,1979,0.0,0.0,0.568,63258873856.0,Medical Devices,Healthcare,NYQ,USD,17.672066,12.790947,0.0,0.0,0.0
BMY,Bristol Myers Squibb,Health Care,Pharmaceuticals,"New York City, New York",1957-03-04,14272,1989 (1887),4.01,0.5529,0.227,127465398272.0,Drug Manufacturers - General,Healthcare,NYQ,USD,13.835919,9.505182,2.52,4.51,6.56484
AVGO,Broadcom,Information Technology,Semiconductors,"Palo Alto, California",2014-05-08,1730168,1961,0.74,0.324,1.457,1676451119104.0,Semiconductors,Technology,NMS,USD,44.73758,18.119997,2.6,7.85,19.38135
BR,Broadridge Financial Solutions,Industrials,Data Processing & Outsourced Services,"Lake Success, New York",2018-06-18,1383312,1962,2.71,0.4063,0.91,18188195840.0,Information Technology Services,Technology,NYQ,USD,16.78125,13.916942,4.36,9.6,11.57582
BRO,Brown & Brown,Financials,Insurance Brokers,"Daytona Beach, Florida",2021-09-20,79282,1939,1.09,0.2061,0.582,20377772032.0,Insurance Brokers,Financial Services,NYQ,USD,19.45687,12.624117,0.66,3.13,4.8241
BF-B,Brown–Forman,Consumer Staples,Distillers & Vintners,"Louisville, Kentucky",1982-10-31,14693,1870,3.51,0.59319997,0.331,12022244352.0,Beverages - Wineries & Distilleries,Consumer Defensive,NYQ,USD,16.903227,15.287219,0.92,1.55,1.71385
BG,Bunge Global,Consumer Staples,Agricultural Products & Services,"Chesterfield, Missouri",2023-03-15,1996862,1818,2.66,0.6078,0.66,20547139584.0,Farm Products,Consumer Defensive,NYQ,USD,23.049568,9.49652,2.88,4.64,11.26202
BXP,"BXP, Inc.",Real Estate,Office REITs,"Boston, Massachusetts",2006-04-03,1037540,1970,4.54,1.5054,1.033,11053419520.0,REIT - Office,Real Estate,NYQ,USD,32.85484,27.492104,2.8,1.86,2.22282
CHRW,C.H. Robinson,Industrials,Air Freight & Logistics,"Eden Prairie, Minnesota",2007-03-02,1043277,1905,1.68,0.479,0.943,17289312256.0,Integrated Freight & Logistics,Industrials,NMS,USD,28.56371,19.71922,2.52,5.18,7.50334
CDNS,Cadence Design Systems,Information Technology,Application Software,"San Jose, California",2017-09-18,813672,1988,0.0,0.0,1.137,91070308352.0,Software - Application,Technology,NMS,USD,65.7739,34.54678,0.0,0.0,0.0
CPT,Camden Property Trust,Real Estate,Multi-Family Residential REITs,"Houston, Texas",2022-04-04,906345,1981,4.31,1.3927001,0.782,9725171712.0,REIT - Residential,Real Estate,NYQ,USD,31.924093,88.74312,4.24,3.03,1.09
COF,Capital One,Financials,Consumer Finance,"Tysons Corner, Virginia",1998-07-01,927628,1994,1.63,0.16530001,1.016,118448455680.0,Credit Services,Financial Services,NYQ,USD,10.864941,8.013541,3.2,17.77,24.09297
CAH,Cardinal Health,Health Care,Health Care Distributors,"Dublin, Ohio",1997-05-27,721371,1971,0.92,0.2833,0.519,51521953792.0,Medical Distribution,Healthcare,NYQ,USD,30.945757,15.82723,2.06,7.19,14.05805
CCL,Carnival Corporation,Consumer Discretionary,"Hotels, Resorts & Cruise Lines","Miami, Florida",1998-12-22,815097,1972,1.83,0.1982,0.0,32996734976.0,Travel Services,Consumer Cyclical,NYQ,USD,10.577587,9.573186,0.45,2.32,2.56341
CARR,Carrier Global,Industrials,Building Products,"Palm Beach Gardens, Florida",2020-04-03,1783180,"2020 (1915, United Technologies spinoff)",1.73,0.6643,1.298,45565640704.0,Building Products & Equipment,Industrials,NYQ,USD,39.46763,16.579979,0.96,1.39,3.30881
CVNA,Carvana,Consumer Discretionary,Automotive Retail,"Tempe, Arizona",2025-12-22,1690820,2012,0.0,0.0,3.497,69323325440.0,Auto & Truck Dealerships,Consumer Cyclical,NYQ,USD,33.089947,27.647121,0.0,0.0,0.0
CASY,Casey's,Consumer Staples,Food Retail,"Ankeny, Iowa",2026-04-09,726958,1967,0.43,0.1137,0.592,22488784896.0,Specialty Retail,Consumer Cyclical,NMS,USD,29.30925,25.94385,2.6,20.76,23.45296
CAT,Caterpillar Inc.,Industrials,Construction Machinery & Heavy Transportation Equipment,"Irving, Texas",1957-03-04,18230,1925,0.79,0.2601,1.594,372699791360.0,Farm & Heavy Construction Machinery,Industrials,NYQ,USD,34.90271,25.041897,6.52,23.23,32.37734
CBOE,Cboe Global Markets,Financials,Financial Exchanges & Data,"Chicago, Illinois",2017-03-01,1374310,1973,1.31,0.2245,0.408,28748814336.0,Financial Data & Stock Exchanges,Financial Services,BTS,USD,21.456743,18.083822,3.44,12.83,15.223
CBRE,CBRE Group,Real Estate,Real Estate Services,"Dallas, Texas",2006-11-10,1138118,1906,0.0,0.0,1.188,37201739776.0,Real Estate Services,Real Estate,NYQ,USD,29.39817,14.158517,0.0,0.0,0.0
CDW,CDW Corporation,Information Technology,Technology Distributors,"Vernon Hills, Illinois",2019-09-23,1402057,1984,1.94,0.3023,0.941,16022233088.0,Information Technology Services,Technology,NMS,USD,15.422382,10.666463,2.52,8.31,12.01523
COR,Cencora,Health Care,Health Care Distributors,"Conshohocken, Pennsylvania",2001-08-30,1140859,1985,0.78,0.1745,0.574,57295855616.0,Medical Distribution,Healthcare,NYQ,USD,22.290274,15.144171,2.4,13.47,19.82611
CNC,Centene Corporation,Health Care,Managed Health Care,"St. Louis, Missouri",2016-03-30,1071739,1984,0.0,0.0,1.106,30686969856.0,Healthcare Plans,Healthcare,NYQ,USD,0.0,0.0,0.0,0.0,0.0
CNP,CenterPoint Energy,Utilities,Multi-Utilities,"Houston, Texas",1985-07-31,1130310,1882,2.6,0.5357,0.451,24240904192.0,Utilities - Regulated Electric,Utilities,NYQ,USD,21.904762,17.629587,0.96,1.68,2.0874
CF,CF Industries,Materials,Fertilizers & Agricultural Chemicals,"Deerfield, Illinois",2008-08-27,1324404,1946,2.07,0.14840001,0.399,17434150912.0,Agricultural Inputs,Basic Materials,NYQ,USD,8.545994,10.4238205,2.4,13.48,11.05161
CRL,Charles River Laboratories,Health Care,Life Sciences Tools & Services,"Wilmington, Massachusetts",2021-05-14,1100682,1947,0.0,0.0,1.405,14083444736.0,Diagnostics & Research,Healthcare,NYQ,USD,0.0,0.0,0.0,0.0,0.0
SCHW,Charles Schwab Corporation,Financials,Investment Banking & Brokerage,"Westlake, Texas",1997-06-02,316709,1971,1.29,0.2149,0.753,169025273856.0,Capital Markets,Financial Services,NYQ,USD,17.80328,12.482041,1.28,5.49,7.83045
CHTR,Charter Communications,Communication Services,Cable & Satellite,"Stamford, Connecticut",2016-09-08,1091667,1993,0.0,0.0,0.687,14412298240.0,Telecom Services,Communication Services,NMS,USD,2.8917863,2.357568,0.0,0.0,0.0
CVX,Chevron Corporation,Energy,Integrated Oil & Gas,"Houston, Texas",1957-03-04,93410,1879,3.48,0.6718,0.491,400579035136.0,Oil & Gas Integrated,Energy,NYQ,USD,19.67341,15.048903,7.12,10.38,13.56976
CMG,Chipotle Mexican Grill,Consumer Discretionary,Restaurants,"Newport Beach, California",2011-04-28,1058090,1993,0.0,0.0,0.937,40430104576.0,Restaurants,Consumer Cyclical,NYQ,USD,29.583332,23.300419,0.0,0.0,0.0
CB,Chubb Limited,Financials,Property & Casualty Insurance,"Zurich, Switzerland",2010-07-15,896159,1985,1.23,0.1393,0.382,125481410560.0,Insurance - Property & Casualty,Financial Services,NYQ,USD,11.521431,11.1647215,4.08,28.23,29.13194
CHD,Church & Dwight,Consumer Staples,Household Products,"Ewing, New Jersey",2015-12-29,313927,1847,1.3,0.38619998,0.472,22349352960.0,Household & Personal Products,Consumer Defensive,NYQ,USD,30.198719,23.349234,1.23,3.12,4.03525
CIEN,Ciena,Information Technology,Communications Equipment,"Hanover, Maryland",2026-02-09,936395,1992,0.0,0.0,1.309,49891078144.0,Communication Equipment,Technology,NYQ,USD,79.41761,29.827667,0.0,0.0,0.0
CI,Cigna,Health Care,Health Care Services,"Bloomfield, Connecticut",1976-06-30,1739940,1982,2.3,0.2539,0.317,71828488192.0,Healthcare Plans,Healthcare,NYQ,USD,11.095101,8.131248,6.24,24.5,33.43029
CINF,Cincinnati Financial,Financials,Property & Casualty Insurance,"Fairfield, Ohio",1997-12-18,20286,1950,2.36,0.1709,0.545,24459796480.0,Insurance - Property & Casualty,Financial Services,NMS,USD,7.524551,17.646563,3.76,21.18,9.03122
CTAS,Cintas,Industrials,Diversified Support Services,"Mason, Ohio",2001-03-01,723254,1929,1.05,0.3688,0.913,77929783296.0,Specialty Business Services,Industrials,NMS,USD,39.090183,31.660648,2.08,4.99,6.16096
CSCO,Cisco,Information Technology,Communications Equipment,"San Jose, California",1993-12-01,858877,1984,1.57,0.4985,0.992,424340619264.0,Communication Equipment,Technology,NMS,USD,32.32132,19.150122,1.68,3.33,5.62033
C,Citigroup,Financials,Diversified Banks,"New York City, New York",1988-05-31,831001,1998,2.05,0.2586,1.097,217194512384.0,Banks - Diversified,Financial Services,NYQ,USD,13.967636,10.04019,2.68,9.27,12.89617
CFG,Citizens Financial Group,Financials,Regional Banks,"Providence, Rhode Island",2016-01-29,759944,1828,2.88,0.39220002,0.997,26854232064.0,Banks - Regional,Financial Services,NYQ,USD,13.891067,9.76789,1.84,4.59,6.52751
CLX,Clorox,Consumer Staples,Household Products,"Oakland, California",1969-03-31,21076,1913,6.13,1.0312,0.544,9796621312.0,Household & Personal Products,Consumer Defensive,NYQ,USD,16.841997,12.939675,5.0,4.81,6.26059
CME,CME Group,Financials,Financial Exchanges & Data,"Chicago, Illinois",2006-08-11,1156375,1848,1.98,0.95419997,0.275,94202576896.0,Financial Data & Stock Exchanges,Financial Services,NMS,USD,22.220528,20.267036,5.2,11.79,12.92641
CMS,CMS Energy,Utilities,Multi-Utilities,"Jackson, Michigan",1957-03-04,811156,1886,3.59,0.6692,0.331,19486650368.0,Utilities - Regulated Electric,Utilities,NYQ,USD,19.0,15.179883,2.28,3.32,4.1555
KO,Coca-Cola Company (The),Consumer Staples,Soft Drinks & Non-alcoholic Beverages,"Atlanta, Georgia",1957-03-04,21344,1886,2.46,0.6246,0.342,370363432960.0,Beverages - Non-Alcoholic,Consumer Defensive,NYQ,USD,26.08485,24.410301,2.12,3.3,3.52638
CTSH,Cognizant,Information Technology,IT Consulting & Other Services,"Teaneck, New Jersey",2006-11-17,1058290,1994,2.32,0.2747,0.83,27169120256.0,Information Technology Services,Technology,NMS,USD,12.459869,9.089025,1.32,4.61,6.31971
COHR,Coherent Corp.,Information Technology,Electronic Components,"Saxonburg, Pennsylvania",2026-03-23,820318,1971,0.0,0.0,2.104,56362475520.0,Scientific & Technical Instruments,Technology,NYQ,USD,70.88916,20.491186,0.0,0.0,0.0
COIN,Coinbase,Financials,Financial Exchanges & Data,"New York City, New York",2025-05-19,1679788,2012,0.0,0.0,3.388,49181843456.0,Financial Data & Stock Exchanges,Financial Services,NMS,USD,0.0,0.0,0.0,0.0,0.0
CL,Colgate-Palmolive,Consumer Staples,Household Products,"New York City, New York",1957-03-04,21665,1806,2.45,0.8228,0.323,68014784512.0,Household & Personal Products,Consumer Defensive,NYQ,USD,33.99203,20.807116,2.12,2.51,4.10052
CMCSA,Comcast,Communication Services,Cable & Satellite,"Philadelphia, Pennsylvania",2002-11-19,1166691,1963,6.11,0.42310002,0.662,77218332672.0,Telecom Services,Communication Services,NMS,USD,6.929936,6.0730724,1.32,3.14,3.58303
FIX,Comfort Systems USA,Industrials,Construction & Engineering,"Houston, Texas",2025-12-22,1035983,1997,0.22,0.064,1.676,58214584320.0,Engineering & Construction,Industrials,NYQ,USD,40.71105,27.486404,3.6,40.63,60.17848
COP,ConocoPhillips,Energy,Oil & Gas Exploration & Production,"Houston, Texas",1957-03-04,1163165,2002,2.68,0.4365,0.134,150347382784.0,Oil & Gas E&P,Energy,NYQ,USD,16.554234,12.95424,3.36,7.56,9.66093
ED,Consolidated Edison,Utilities,Multi-Utilities,"New York City, New York",1957-03-04,1047862,1823,3.4,0.5715,0.259,37800185856.0,Utilities - Regulated Electric,Utilities,NYQ,USD,16.78325,15.728124,3.51,6.09,6.49855
STZ,Constellation Brands,Consumer Staples,Distillers & Vintners,"Rochester, New York",2005-07-01,16918,1945,3.65,0.38950002,0.4,19311138816.0,Beverages - Brewers,Consumer Defensive,NYQ,USD,10.767619,9.215132,4.12,10.5,12.26895
CEG,Constellation Energy,Utilities,Electric Utilities,"Baltimore, Maryland",2022-02-02,1868275,1999,0.64,0.1592,1.117,90001162240.0,Utilities - Independent Power Producers,Utilities,NMS,USD,24.806643,19.070341,1.71,10.24,13.32016
COO,Cooper Companies (The),Health Care,Health Care Supplies,"San Ramon, California",2016-09-23,711404,1958,0.0,0.0,0.818,10749478912.0,Medical Instruments & Supplies,Healthcare,NMS,USD,19.426115,12.043675,0.0,0.0,0.0
CPRT,Copart,Industrials,Diversified Support Services,"Dallas, Texas",2018-07-02,900075,1982,0.0,0.0,1.029,25270294528.0,Specialty Business Services,Industrials,NMS,USD,17.6,15.583051,0.0,0.0,0.0
GLW,Corning Inc.,Information Technology,Electronic Components,"Corning, New York",1995-02-27,24741,1851,0.73,0.5161,1.151,132177903616.0,Electronic Components,Technology,NYQ,USD,68.64285,35.329094,1.12,2.24,4.35222
CPAY,Corpay,Financials,Transaction & Payment Processing Services,"Atlanta, Georgia",2018-06-20,1175454,2000,0.0,0.0,0.873,25515321344.0,Software - Infrastructure,Technology,NYQ,USD,23.6231,12.356898,0.0,0.0,0.0
CTVA,Corteva,Materials,Fertilizers & Agricultural Chemicals,"Indianapolis, Indiana",2019-06-03,1755672,2019,0.92,0.4364,0.577,51807772672.0,Agricultural Inputs,Basic Materials,NYQ,USD,47.060608,18.828123,0.72,1.65,4.12415
CSGP,CoStar Group,Real Estate,Real Estate Services,"Washington, D.C.",2022-09-19,1057352,1987,0.0,0.0,0.747,11102413824.0,Real Estate Services,Real Estate,NMS,USD,152.22221,15.447672,0.0,0.0,0.0
COST,Costco,Consumer Staples,Consumer Staples Merchandise Retail,"Issaquah, Washington",1993-10-01,909832,1976,0.64,0.2669,0.855,403522781184.0,Discount Stores,Consumer Defensive,NMS,USD,43.76635,36.39254,5.88,20.8,25.01447
CRH,CRH plc,Materials,Construction Materials,"Dublin, Ireland",2025-12-22,849395,1970,1.88,0.26860002,1.198,55085555712.0,Building Materials,Basic Materials,NYQ,USD,14.325259,12.783795,1.56,5.78,6.47695
CRWD,CrowdStrike,Information Technology,Systems Software,"Austin, Texas",2024-06-24,1535527,2011,0.0,0.0,1.255,271086747648.0,Software - Infrastructure,Technology,NMS,USD,8825.0,164.8598,0.0,0.0,0.0
CCI,Crown Castle,Real Estate,Telecom Tower REITs,"Houston, Texas",2012-03-14,1051470,1994,6.34,1.7347,0.969,28356603904.0,REIT - Specialty,Real Estate,NYQ,USD,27.204082,22.983234,4.25,2.45,2.89994
CSX,CSX Corporation,Industrials,Rail Transportation,"Jacksonville, Florida",1957-03-04,277948,1980,1.19,0.314,1.207,86158606336.0,Railroads,Industrials,NMS,USD,27.040697,20.451597,0.56,1.72,2.27415
CMI,Cummins,Industrials,Construction Machinery & Heavy Transportation Equipment,"Columbus, Indiana",1965-03-31,26172,1919,1.69,0.409,1.226,71281016832.0,Specialty Industrial Machinery,Industrials,NYQ,USD,26.668558,14.939886,8.8,19.37,34.57657
CVS,CVS Health,Health Care,Health Care Services,"Woonsocket, Rhode Island",1957-03-04,64803,1996,3.05,0.7018,0.58,109594976256.0,Healthcare Plans,Healthcare,NYQ,USD,22.609499,10.047264,2.66,3.79,8.52869
DHR,Danaher Corporation,Health Care,Life Sciences Tools & Services,"Washington, D.C.",1998-11-18,313616,1969,0.71,0.2567,0.808,155746566144.0,Diagnostics & Research,Healthcare,NYQ,USD,39.491978,23.81746,1.6,5.61,9.302
DRI,Darden Restaurants,Consumer Discretionary,Restaurants,"Orlando, Florida",1995-05-31,940944,1938,3.32,0.59419996,0.59,21941944320.0,Restaurants,Consumer Cyclical,NYQ,USD,18.492823,15.588134,6.48,10.45,12.39725
DDOG,Datadog,Information Technology,Application Software,"New York City, New York",2025-07-09,1561550,2010,0.0,0.0,1.488,98332696576.0,Software - Application,Technology,NMS,USD,526.63464,92.10461,0.0,0.0,0.0
DVA,DaVita,Health Care,Health Care Services,"Denver, Colorado",2008-07-31,927066,1979,0.0,0.0,0.83,11227240448.0,Medical Care Facilities,Healthcare,NYQ,USD,14.811176,10.140067,0.0,0.0,0.0
DECK,Deckers Brands,Consumer Discretionary,Footwear,"Goleta, California",2024-03-18,910521,1973,0.0,0.0,1.15,10641250304.0,Footwear & Accessories,Consumer Cyclical,NYQ,USD,11.11522,9.385488,0.0,0.0,0.0
DE,Deere & Company,Industrials,Agricultural & Farm Machinery,"Moline, Illinois",1957-03-04,315189,1837,0.95,0.36020002,0.911,181066940416.0,Farm & Heavy Construction Machinery,Industrials,NYQ,USD,37.370617,29.39854,6.48,17.97,22.84297
DELL,Dell Technologies,Information Technology,"Technology Hardware, Storage & Peripherals","Round Rock, Texas",2024-09-23,1571996,2016,0.47,0.1344,1.409,342035464192.0,Computer Hardware,Technology,NYQ,USD,31.257992,18.475378,2.52,17.21,29.11713
DAL,Delta Air Lines,Industrials,Passenger Airlines,"Atlanta, Georgia",2013-09-11,27904,1929,1.01,0.1244,1.291,54885220352.0,Airlines,Industrials,NYQ,USD,13.8407955,10.119,0.86,6.03,8.24785
DVN,Devon Energy,Energy,Oil & Gas Exploration & Production,"Oklahoma City, Oklahoma",2000-08-30,1090012,1971,2.75,0.22610001,0.426,50644000768.0,Oil & Gas E&P,Energy,NYQ,USD,10.008696,8.545533,1.28,4.6,5.38761
DXCM,Dexcom,Health Care,Health Care Equipment,"San Diego, California",2020-05-12,1093557,1999,0.0,0.0,1.419,32562460672.0,Medical Devices,Healthcare,NMS,USD,34.10672,27.642345,0.0,0.0,0.0
FANG,Diamondback Energy,Energy,Oil & Gas Exploration & Production,"Midland, Texas",2018-12-03,1539838,2007,2.39,0.79050004,0.414,51708198912.0,Oil & Gas E&P,Energy,NMS,USD,35.078247,9.796705,4.4,5.24,18.76243
DLR,Digital Realty,Real Estate,Data Center REITs,"Austin, Texas",2016-05-18,1297996,2004,2.76,2.3805,1.037,66291310592.0,REIT - Specialty,Real Estate,NYQ,USD,85.62439,63.549934,4.88,2.05,2.76208
DG,Dollar General,Consumer Staples,Consumer Staples Merchandise Retail,"Goodlettsville, Tennessee",2012-12-03,29534,1939,1.92,0.3065,0.235,26381355008.0,Discount Stores,Consumer Defensive,NYQ,USD,15.529871,14.426958,2.36,7.7,8.28865
DLTR,Dollar Tree,Consumer Staples,Consumer Staples Merchandise Retail,"Chesapeake, Virginia",2011-12-19,935703,1986,0.0,0.0,0.662,21393606656.0,Discount Stores,Consumer Defensive,NMS,USD,13.973039,14.410165,0.0,0.0,0.0
D,Dominion Energy,Utilities,Multi-Utilities,"Richmond, Virginia",2016-11-30,715957,1983,4.4,0.9239,0.622,53228912640.0,Utilities - Regulated Electric,Utilities,NYQ,USD,20.941175,15.866899,2.67,2.89,3.81423
DPZ,Domino's,Consumer Discretionary,Restaurants,"Ann Arbor, Michigan",2020-05-12,1286681,1960,2.64,0.42290002,0.946,9911618560.0,Restaurants,Consumer Cyclical,NMS,USD,16.994328,14.356103,7.96,17.63,20.86987
DASH,DoorDash,Consumer Discretionary,Specialized Consumer Services,"San Francisco, California",2025-03-24,1792789,2012,0.0,0.0,1.788,79531843584.0,Internet Retail,Consumer Cyclical,NMS,USD,98.15508,22.538094,0.0,0.0,0.0
DOV,Dover Corporation,Industrials,Industrial Machinery & Supplies & Components,"Downers Grove, Illinois",1985-10-31,29905,1955,1.11,0.2515,1.146,25191936000.0,Specialty Industrial Machinery,Industrials,NYQ,USD,22.617895,16.08588,2.1,8.27,11.62821
DOW,Dow Inc.,Materials,Commodity Chemicals,"Midland, Michigan",2019-04-01,1751788,2019 (1897),5.07,7.0,0.424,19893264384.0,Chemicals,Basic Materials,NYQ,USD,0.0,0.0,0.0,0.0,0.0
DHI,D. R. Horton,Consumer Discretionary,Homebuilding,"Arlington, Texas",2005-06-22,882184,1978,1.29,0.1668,1.371,38221176832.0,Residential Construction,Consumer Cyclical,NYQ,USD,13.026691,11.806115,1.8,10.49,11.57451
DTE,DTE Energy,Utilities,Multi-Utilities,"Detroit, Michigan",1957-03-04,936340,1995,3.81,0.72550005,0.388,25345126400.0,Utilities - Regulated Electric,Utilities,NYQ,USD,19.272152,14.561331,4.66,6.32,8.36462
DUK,Duke Energy,Utilities,Electric Utilities,"Charlotte, North Carolina",1976-06-30,1326160,1904,3.8,0.6416,0.364,88893849600.0,Utilities - Regulated Electric,Utilities,NYQ,USD,17.170181,15.897939,4.34,6.64,7.17137
DD,DuPont,Industrials,Industrial Conglomerates,"Wilmington, Delaware",2019-06-03,1666700,2017 (1802),1.84,1.3003999,1.085,17537671168.0,Specialty Chemicals,Basic Materials,NYQ,USD,55.746784,16.308088,2.4,2.33,7.96476
ETN,Eaton Corporation,Industrials,Electrical Components & Equipment,"Dublin, Ireland",1957-03-04,1551182,1911,1.02,0.43580002,1.168,166856392704.0,Specialty Industrial Machinery,Industrials,NYQ,USD,43.669712,26.561264,4.4,9.84,16.17807
EBAY,eBay Inc.,Consumer Discretionary,Broadline Retail,"San Jose, California",2002-07-22,1065088,1995,1.18,0.2521,1.339,47192252416.0,Internet Retail,Consumer Cyclical,NMS,USD,22.279411,15.798741,1.24,4.76,6.71256
ECHO,EchoStar,Communication Services,Wireless Telecommunication Services,"Englewood, Colorado",2026-03-23,1415404,2008,0.0,0.0,1.009,26001846272.0,Telecom Services,Communication Services,NMS,USD,0.0,0.0,0.0,0.0,0.0
ECL,Ecolab,Materials,Specialty Chemicals,"Saint Paul, Minnesota",1989-01-31,31462,1923,1.05,0.3812,0.89,76972621824.0,Specialty Chemicals,Basic Materials,NYQ,USD,36.856377,29.159979,2.92,7.45,9.41633
EIX,Edison International,Utilities,Electric Utilities,"Rosemead, California",1957-03-04,827052,1886,6.55,0.35709998,0.614,20676055040.0,Utilities - Regulated Electric,Utilities,NYQ,USD,5.544892,8.262467,3.51,9.69,6.5029
EW,Edwards Lifesciences,Health Care,Health Care Equipment,"Irvine, California",2011-04-01,1099800,1958,0.0,0.0,0.852,49703055360.0,Medical Devices,Healthcare,NYQ,USD,51.380955,25.56009,0.0,0.0,0.0
ELV,Elevance Health,Health Care,Managed Health Care,"Indianapolis, Indiana",2002-07-25,1156039,2014 (1946),1.75,0.3034,0.696,84323123200.0,Healthcare Plans,Healthcare,NYQ,USD,17.189213,13.162687,6.88,22.62,29.53956
EME,Emcor,Industrials,Construction & Engineering,"Norwalk, Connecticut",2025-09-22,105634,1994,0.21,0.0405,1.13,33280477184.0,Engineering & Construction,Industrials,NYQ,USD,23.46051,20.530905,1.6,32.16,36.74899
EMR,Emerson Electric,Industrials,Electrical Components & Equipment,"Ferguson, Missouri",1965-03-31,32604,1890,1.41,0.4798,1.233,86871506944.0,Specialty Industrial Machinery,Industrials,NYQ,USD,33.86463,21.336863,2.22,4.58,7.26911
ETR,Entergy,Utilities,Electric Utilities,"New Orleans, Louisiana",1957-03-04,65984,1913,2.57,0.64449996,0.481,47424192512.0,Utilities - Regulated Electric,Utilities,NYQ,USD,25.386189,19.445969,2.56,3.91,5.1044
EOG,EOG Resources,Energy,Oil & Gas Exploration & Production,"Houston, Texas",2000-11-02,821189,1999,2.92,0.314,0.272,73374908416.0,Oil & Gas E&P,Energy,NYQ,USD,10.872928,9.231319,4.08,12.67,14.92311
EQT,EQT Corporation,Energy,Oil & Gas Exploration & Production,"Pittsburgh, Pennsylvania",2022-10-03,33213,1888,1.35,0.1514,0.576,30375059456.0,Oil & Gas E&P,Energy,NYQ,USD,11.266822,12.913451,0.66,4.31,3.76042
EFX,Equifax,Industrials,Research & Consulting Services,"Atlanta, Georgia",1997-06-19,33185,1899,1.59,0.3726,1.305,16123627520.0,Consulting Services,Industrials,NYQ,USD,24.119509,13.519717,2.24,5.69,10.1511
EQIX,Equinix,Real Estate,Data Center REITs,"Redwood City, California",2015-03-20,1101239,1998,2.03,1.2677,0.973,99814309888.0,REIT - Specialty,Real Estate,NMS,USD,65.13715,54.327602,20.64,15.53,18.62
ERIE,Erie Indemnity,Financials,Insurance Brokers,"Erie, Pennsylvania",2024-09-23,922621,1925,2.67,0.64589995,0.305,11459323904.0,Insurance Brokers,Financial Services,NMS,USD,19.58445,15.642398,5.85,11.19,14.01
ESS,Essex Property Trust,Real Estate,Multi-Family Residential REITs,"San Mateo, California",2014-04-02,920522,1971,3.78,1.6075,0.706,18568028160.0,REIT - Residential,Real Estate,NYQ,USD,42.026524,42.762764,10.36,6.41,6.29964
EL,Estée Lauder Companies (The),Consumer Staples,Personal Care Products,"New York City, New York",2006-01-05,1001250,1946,1.51,2.8,1.274,33612683264.0,Household & Personal Products,Consumer Defensive,NYQ,USD,181.90196,23.717426,1.4,0.51,3.91147
EG,Everest Group,Financials,Reinsurance,"Hamilton, Bermuda",2017-06-19,1095073,1973,2.17,0.1691,0.277,14001617920.0,Insurance - Reinsurance,Financial Services,NYQ,USD,7.7170334,6.109332,8.0,47.32,59.77249
EVRG,Evergy,Utilities,Electric Utilities,"Kansas City, Missouri",2018-06-05,1711269,1909,3.54,0.7004,0.51,18085689344.0,Utilities - Regulated Electric,Utilities,NMS,USD,19.858229,17.1828,2.78,3.95,4.56503
P,Everpure,Information Technology,"Technology Hardware, Storage & Peripherals","Santa Clara, California",2026-09-21,1474432,2009,0.0,0.0,1.434,43579461632.0,Computer Hardware,Technology,NYQ,USD,179.15068,30.980461,0.0,0.0,0.0
ES,Eversource Energy,Utilities,Electric Utilities,"Hartford, Connecticut",2009-07-24,72741,1966,4.93,0.8,0.698,24167452672.0,Utilities - Regulated Electric,Utilities,NYQ,USD,16.578814,13.0500145,3.15,3.87,4.91647
EXC,Exelon,Utilities,Electric Utilities,"Chicago, Illinois",1957-03-04,1109357,2000,4.13,0.6029,0.389,41622261760.0,Utilities - Regulated Electric,Utilities,NMS,USD,14.8529415,13.296909,1.68,2.72,3.0383
EXE,Expand Energy,Energy,Oil & Gas Exploration & Production,"Oklahoma City, Oklahoma",2025-03-24,895126,1989,2.73,0.275,0.323,20116752384.0,Oil & Gas E&P,Energy,NMS,USD,7.255392,9.829339,2.3,11.59,8.555
EXPE,Expedia Group,Consumer Discretionary,"Hotels, Resorts & Cruise Lines","Seattle, Washington",2007-10-02,1324424,1996,0.73,0.1107,1.25,31608293376.0,Travel Services,Consumer Cyclical,NMS,USD,16.55311,10.764343,1.92,15.91,24.46596
EXPD,Expeditors International,Industrials,Air Freight & Logistics,"Seattle, Washington",2007-10-10,746515,1979,0.86,0.23,1.058,24001468416.0,Integrated Freight & Logistics,Industrials,NYQ,USD,27.394659,23.144747,1.62,6.74,7.97762
EXR,Extra Space Storage,Real Estate,Self-Storage REITs,"Salt Lake City, Utah",2016-01-19,1289490,1977,4.85,1.4305,1.176,29024589824.0,REIT - Industrial,Real Estate,NYQ,USD,29.030903,27.330273,6.48,4.53,4.81188
XOM,ExxonMobil,Energy,Integrated Oil & Gas,"Irving, Texas",1957-03-04,2115436,1999,2.55,0.5251,0.175,669213655040.0,Oil & Gas Integrated,Energy,NYQ,USD,20.758928,14.432554,4.12,7.84,11.27659
FFIV,"F5, Inc.",Information Technology,Communications Equipment,"Seattle, Washington",2010-12-20,1048695,1996,0.0,0.0,1.03,25209288704.0,Software - Infrastructure,Technology,NMS,USD,35.500797,24.627201,0.0,0.0,0.0
FDS,FactSet,Financials,Financial Exchanges & Data,"Norwalk, Connecticut",2021-12-20,1013237,1978,1.78,0.2938,0.711,9600918528.0,Financial Data & Stock Exchanges,Financial Services,NYQ,USD,18.51509,13.685761,4.64,14.58,19.72488
FICO,Fair Isaac,Information Technology,Application Software,"Bozeman, Montana",2023-03-20,814547,1956,0.0,0.0,1.318,12795951104.0,Software - Application,Technology,NYQ,USD,17.153154,11.383887,0.0,0.0,0.0
FAST,Fastenal,Industrials,Trading Companies & Distributors,"Winona, Minnesota",2008-09-15,815556,1967,1.92,0.78629994,0.713,56835555328.0,Industrial Distribution,Industrials,NMS,USD,42.333332,35.30821,0.96,1.17,1.40279
FRT,Federal Realty Investment Trust,Real Estate,Retail REITs,"Rockville, Maryland",2016-02-01,34903,1962,4.24,0.9131,0.919,9412393984.0,REIT - Retail,Real Estate,NYQ,USD,22.05499,33.943516,4.64,4.91,3.1903
FDX,FedEx,Industrials,Air Freight & Logistics,"Memphis, Tennessee",1980-12-31,1048911,1971,1.7,0.3127,1.364,67472371712.0,Integrated Freight & Logistics,Industrials,NYQ,USD,15.502447,13.617352,4.88,18.39,20.93579
FDXF,FedEx Freight,Industrials,Cargo Ground Transportation,"Memphis, Tennessee",2026-06-01,2082247,1982,0.0,0.0,0.0,16354292736.0,Integrated Freight & Logistics,Industrials,NYQ,USD,24.9726,20.218115,0.0,0.0,0.0
FERG,Ferguson Enterprises,Industrials,Trading Companies & Distributors,"Newport News, Virginia",2026-08-05,2011641,1953,1.59,0.3327,1.112,43066441728.0,Industrial Distribution,Industrials,NYQ,USD,21.911417,17.761076,3.56,10.16,12.53415
FIS,Fidelity National Information Services,Financials,Transaction & Payment Processing Services,"Jacksonville, Florida",2006-11-10,1136893,1968,5.28,0.2581,0.801,17005324288.0,Information Technology Services,Technology,NYQ,USD,5.0537634,4.9101477,1.76,6.51,6.70041
FITB,Fifth Third Bancorp,Financials,Regional Banks,"Cincinnati, Ohio",1996-03-29,35527,1858,3.3,0.5387,0.913,45854461952.0,Banks - Regional,Financial Services,NYQ,USD,17.030304,10.212117,1.68,2.97,4.95294
FSLR,First Solar,Information Technology,Semiconductors,"Tempe, Arizona",2022-12-19,1274494,1999,0.0,0.0,1.733,18824409088.0,Solar,Technology,NMS,USD,10.799014,7.545349,0.0,0.0,0.0
FE,FirstEnergy,Utilities,Electric Utilities,"Akron, Ohio",1997-11-28,1031296,1997,4.29,0.9626,0.441,25063424000.0,Utilities - Regulated Electric,Utilities,NYQ,USD,22.805264,14.691125,1.86,1.9,2.9494
FISV,Fiserv,Financials,Transaction & Payment Processing Services,"Brookfield, Wisconsin",2001-04-02,798354,1984,0.0,0.0,0.0,24025221120.0,,,NMS,USD,8.688462,5.6305733,0.0,0.0,0.0
FLEX,Flex Ltd.,Information Technology,Electronic Manufacturing Services,"Austin, Texas",2026-06-22,866374,1969,0.0,0.0,1.654,40630632448.0,Electronic Components,Technology,NMS,USD,43.820717,15.467345,0.0,0.0,0.0
F,Ford Motor Company,Consumer Discretionary,Automobile Manufacturers,"Dearborn, Michigan",1957-03-04,37996,1903,4.88,0.641,1.835,48090406912.0,Auto Manufacturers,Consumer Cyclical,NYQ,USD,0.0,0.0,0.0,0.0,0.0
FTNT,Fortinet,Information Technology,Systems Software,"Sunnyvale, California",2018-10-11,1262039,2000,0.0,0.0,1.059,131158646784.0,Software - Infrastructure,Technology,NMS,USD,63.39007,47.31892,0.0,0.0,0.0
FTV,Fortive,Industrials,Industrial Machinery & Supplies & Components,"Everett, Washington",2016-07-01,1659166,2016,0.51,0.127,0.973,16709433344.0,Scientific & Technical Instruments,Technology,NYQ,USD,29.310162,16.861502,0.28,1.87,3.2506
FOXA,Fox Corporation (Class A),Communication Services,Broadcasting,"New York City, New York",2019-03-19,1754301,2019,0.93,0.1458,0.559,26417854464.0,Entertainment,Communication Services,NMS,USD,16.357702,10.713889,0.58,3.83,5.84755
FOX,Fox Corporation (Class B),Communication Services,Broadcasting,"New York City, New York",2019-03-19,1754301,2019,1.03,0.1458,0.559,23740225536.0,Entertainment,Communication Services,NMS,USD,14.776903,9.799826,0.58,3.81,5.745
BEN,Franklin Resources,Financials,Asset Management & Custody Banks,"San Mateo, California",1998-04-30,38777,1947,4.04,0.8912,1.57,16319429632.0,Asset Management,Financial Services,NYQ,USD,21.85034,10.071112,1.32,1.47,3.18932
FCX,Freeport-McMoRan,Materials,Copper,"Phoenix, Arizona",2011-07-01,831259,1912,0.85,0.2941,1.401,100521230336.0,Copper,Basic Materials,NYQ,USD,34.313725,16.838459,0.6,2.04,4.15715
GRMN,Garmin,Consumer Discretionary,Consumer Electronics,"Schaffhausen, Switzerland",2012-12-12,1121788,1989,1.45,0.387,0.866,55318872064.0,Scientific & Technical Instruments,Technology,NYQ,USD,29.941545,26.06442,4.2,9.58,11.00504
IT,Gartner,Information Technology,IT Consulting & Other Services,"Stamford, Connecticut",2017-04-05,749251,1979,0.0,0.0,0.953,11779809280.0,Information Technology Services,Technology,NYQ,USD,16.79028,11.403113,0.0,0.0,0.0
GE,GE Aerospace,Industrials,Aerospace & Defense,"Evendale, Ohio",1957-03-04,40545,1892,0.59,0.1958,1.35,324020404224.0,Aerospace & Defense,Industrials,NYQ,USD,36.783276,34.414356,1.88,8.49,9.07441
GEHC,GE HealthCare,Health Care,Health Care Equipment,"Chicago, Illinois",2023-01-04,1932393,1994,0.24,0.0323,0.821,29736275968.0,Medical Devices,Healthcare,NMS,USD,15.062212,12.078246,0.16,4.34,5.41221
GEV,GE Vernova,Industrials,Heavy Electrical Equipment,"Cambridge, Massachusetts",2024-04-02,1996810,2024,0.21,0.0573,0.967,253147398144.0,Specialty Industrial Machinery,Industrials,NYQ,USD,27.622494,37.82929,2.0,34.41,25.12577
GEN,Gen Digital,Information Technology,Systems Software,"Tempe, Arizona",2003-03-25,849399,1982,2.27,0.2924,1.215,13180886016.0,Software - Infrastructure,Technology,NMS,USD,12.8771925,6.658221,0.5,1.71,3.30719
GNRC,Generac,Industrials,Heavy Electrical Equipment,"Waukesha, Wisconsin",2021-03-22,1474735,1959,0.0,0.0,1.913,12223281152.0,Specialty Industrial Machinery,Industrials,NYQ,USD,47.574715,16.63346,0.0,0.0,0.0
GD,General Dynamics,Industrials,Aerospace & Defense,"Reston, Virginia",1957-03-04,40533,1899,1.91,0.3768,0.321,89778987008.0,Aerospace & Defense,Industrials,NYQ,USD,20.258242,17.852491,6.36,16.38,18.58732
GIS,General Mills,Consumer Staples,Packaged Foods & Meats,"Golden Valley, Minnesota",1957-03-04,40704,1856,7.21,0.5941,-0.025,17195538432.0,Packaged Foods,Consumer Defensive,NYQ,USD,0.0,0.0,0.0,0.0,0.0
GM,General Motors,Consumer Discretionary,Automobile Manufacturers,"Detroit, Michigan",2013-06-06,1467858,1908,0.89,0.29459998,1.321,69642764288.0,Auto Manufacturers,Consumer Cyclical,NYQ,USD,34.375,5.1163707,0.72,2.24,15.04973
GPC,Genuine Parts Company,Consumer Discretionary,Distributors,"Atlanta, Georgia",1973-12-31,40987,1925,3.35,16.74,0.656,17334484992.0,Auto Parts,Consumer Cyclical,NYQ,USD,502.96,15.123996,4.25,0.25,8.31394
GILD,Gilead Sciences,Health Care,Biotechnology,"Foster City, California",2004-07-01,882095,1987,2.2,0.43400002,0.35,184815321088.0,Drug Manufacturers - General,Healthcare,NMS,USD,0.0,0.0,0.0,0.0,0.0
GPN,Global Payments,Financials,Transaction & Payment Processing Services,"Atlanta, Georgia",2016-04-25,1123360,2000,1.2,0.4739,0.785,21611382784.0,Specialty Business Services,Industrials,NYQ,USD,39.454105,5.1010814,1.0,2.07,16.01033
GL,Globe Life,Financials,Life & Health Insurance,"McKinney, Texas",1989-04-30,320335,1900,0.79,0.0798,0.462,12730110976.0,Insurance - Life,Financial Services,NYQ,USD,11.021291,10.028308,1.32,15.03,16.51824
GDDY,GoDaddy,Information Technology,Internet Services & Infrastructure,"Tempe, Arizona",2024-06-24,1609711,1997,0.0,0.0,0.94,12096122880.0,Software - Infrastructure,Technology,NYQ,USD,14.191679,8.661075,0.0,0.0,0.0
GS,Goldman Sachs,Financials,Investment Banking & Brokerage,"New York City, New York",2002-07-22,886982,1869,2.22,0.2625,1.283,262159073280.0,Capital Markets,Financial Services,NYQ,USD,13.898734,12.285257,20.0,64.78,73.28784
HAL,Halliburton,Energy,Oil & Gas Equipment & Services,"Houston, Texas",1957-03-04,45012,1919,2.14,0.35599998,0.769,26565648384.0,Oil & Gas Equipment & Services,Energy,NYQ,USD,16.649214,10.956978,0.68,1.91,2.90226
HIG,Hartford (The),Financials,Property & Casualty Insurance,"Hartford, Connecticut",1957-03-04,874766,1810,1.91,0.1602,0.45,33143898112.0,Insurance - Diversified,Financial Services,NYQ,USD,8.444445,8.945733,2.4,14.49,13.67803
HAS,Hasbro,Consumer Discretionary,Leisure Products,"Pawtucket, Rhode Island",1984-09-30,46080,1923,3.17,0.4982,0.466,12366778368.0,Leisure,Consumer Cyclical,NMS,USD,15.601424,13.460838,2.8,5.62,6.51371
HCA,HCA Healthcare,Health Care,Health Care Facilities,"Nashville, Tennessee",2015-01-27,860730,1968,0.72,0.100600004,1.109,94667915264.0,Medical Care Facilities,Healthcare,NYQ,USD,14.470668,13.329036,3.12,29.49,32.01582
DOC,Healthpeak Properties,Real Estate,Health Care REITs,"Denver, Colorado",2008-03-31,765880,1985,6.06,3.4857998,0.989,14157676544.0,REIT - Healthcare Facilities,Real Estate,NYQ,USD,57.05714,142.64285,1.22,0.35,0.14
HSIC,Henry Schein,Health Care,Health Care Distributors,"Melville, New York",2015-03-17,1000228,1932,0.0,0.0,0.812,9565590528.0,Medical Distribution,Healthcare,NMS,USD,24.481049,14.01848,0.0,0.0,0.0
HSY,Hershey Company (The),Consumer Staples,Packaged Foods & Meats,"Hershey, Pennsylvania",1957-03-04,47111,1894,3.6,0.77099997,0.097,31667894272.0,Confectioners,Consumer Defensive,NYQ,USD,21.502047,15.984723,5.81,7.33,9.86004
HPE,Hewlett Packard Enterprise,Information Technology,"Technology Hardware, Storage & Peripherals","Houston, Texas",2015-11-02,1645590,2015,0.93,0.2874,1.442,84811726848.0,Communication Equipment,Technology,NYQ,USD,32.932987,13.733996,0.57,1.94,4.65196
HLT,Hilton Worldwide,Consumer Discretionary,"Hotels, Resorts & Cruise Lines","Tysons Corner, Virginia",2017-06-19,1585689,1919,0.19,0.0881,1.056,71597645824.0,Lodging,Consumer Cyclical,NYQ,USD,46.64516,30.42743,0.6,6.82,10.45504
HD,Home Depot (The),Consumer Discretionary,Home Improvement Retail,"Atlanta, Georgia",1988-03-31,354950,1978,3.24,0.648,0.955,283832713216.0,Home Improvement Retail,Consumer Cyclical,NYQ,USD,20.034506,17.753107,9.32,14.2,16.0248
HONA,Honeywell Aerospace,Industrials,Aerospace & Defense,"Phoenix, Arizona",2026-06-29,2089271,1914,0.0,0.0,0.0,49118167040.0,Aerospace & Defense,Industrials,NMS,USD,47.246952,17.05467,0.0,0.0,0.0
HON,Honeywell Technologies,Industrials,Industrial Conglomerates,"Charlotte, North Carolina",1957-03-04,773840,1906,1.33,0.3614,0.901,66855325696.0,Conglomerates,Industrials,NMS,USD,8.109958,21.223442,2.8,26.01,9.93901
HRL,Hormel Foods,Consumer Staples,Packaged Foods & Meats,"Austin, Minnesota",2009-03-04,48465,1891,5.89,1.8831,0.315,10973995008.0,Packaged Foods,Consumer Defensive,NYQ,USD,32.16129,12.835285,1.17,0.62,1.55353
HST,Host Hotels & Resorts,Real Estate,Hotel & Resort REITs,"Bethesda, Maryland",2007-03-20,1070750,1993,3.57,0.5369,1.101,15554925568.0,REIT - Hotel & Motel,Real Estate,NMS,USD,15.026845,21.210886,0.8,1.49,1.05559
HWM,Howmet Aerospace,Industrials,Aerospace & Defense,"Pittsburgh, Pennsylvania",2016-10-21,4281,1888,0.24,0.1034,1.186,90200899584.0,Aerospace & Defense,Industrials,NYQ,USD,48.74569,35.0055,0.56,4.64,6.46127
HPQ,HP Inc.,Information Technology,"Technology Hardware, Storage & Peripherals","Palo Alto, California",1974-12-31,47217,1939 (2015),3.9,0.45400003,1.205,28208021504.0,Computer Hardware,Technology,NYQ,USD,11.938932,9.968228,1.2,2.62,3.13797
HUBB,Hubbell Incorporated,Industrials,Industrial Machinery & Supplies & Components,"Shelton, Connecticut",2023-10-18,48898,1888,1.24,0.33040002,0.889,23969030144.0,Electrical Equipment & Parts,Industrials,NYQ,USD,26.856129,19.761633,5.68,16.89,22.95357
HUM,Humana,Health Care,Managed Health Care,"Louisville, Kentucky",2012-12-10,49071,1961,0.92,0.3346,0.745,45819043840.0,Healthcare Plans,Healthcare,NYQ,USD,36.09934,23.0305,3.54,10.57,16.56803
HBAN,Huntington Bancshares,Financials,Regional Banks,"Columbus, Ohio; Detroit, Michigan",1997-08-28,49196,1866,4.06,0.47689998,0.941,30831532032.0,Banks - Regional,Financial Services,NMS,USD,11.738462,8.631222,0.62,1.3,1.768
HII,Huntington Ingalls Industries,Industrials,Aerospace & Defense,"Newport News, Virginia",2018-01-03,1501585,2011,2.13,0.32700002,0.225,10523787264.0,Aerospace & Defense,Industrials,NYQ,USD,15.897025,12.818482,5.52,16.8,20.83476
IBM,IBM,Information Technology,IT Consulting & Other Services,"Armonk, New York",1957-03-04,51143,1911,3.07,0.5977,0.708,207203614720.0,Information Technology Services,Technology,NYQ,USD,19.531971,16.727602,6.76,11.26,13.14773
IEX,IDEX Corporation,Industrials,Industrial Machinery & Supplies & Components,"Northbrook, Illinois",2019-08-09,832101,1988,1.27,0.5165,0.972,16806661120.0,Specialty Industrial Machinery,Industrials,NYQ,USD,32.80288,23.684166,2.92,6.95,9.62584
IDXX,Idexx Laboratories,Health Care,Health Care Equipment,"Westbrook, Maine",2017-01-05,874716,1983,0.0,0.0,1.538,41191915520.0,Diagnostics & Research,Healthcare,NMS,USD,36.69642,31.194704,0.0,0.0,0.0
ITW,Illinois Tool Works,Industrials,Industrial Machinery & Supplies & Components,"Glenview, Illinois",1986-02-28,49826,1912,2.58,0.5833,0.997,73273344000.0,Specialty Industrial Machinery,Industrials,NYQ,USD,23.325476,20.768017,6.88,11.03,12.38828
ILMN,"Illumina, Inc.",Health Care,Life Sciences Tools & Services,"San Diego, California",2026-09-21,1110803,1998,0.0,0.0,1.467,41325678592.0,Diagnostics & Research,Healthcare,NMS,USD,50.96462,44.82949,0.0,0.0,0.0
INCY,Incyte,Health Care,Biotechnology,"Wilmington, Delaware",2017-02-28,879169,1991,0.0,0.0,0.77,24597370880.0,Biotechnology,Healthcare,NMS,USD,15.225847,13.709664,0.0,0.0,0.0
IR,Ingersoll Rand,Industrials,Industrial Machinery & Supplies & Components,"Davidson, North Carolina",2020-03-03,1699150,1859,0.1,0.033099998,1.147,29142636544.0,Specialty Industrial Machinery,Industrials,NYQ,USD,31.03719,19.163502,0.08,2.42,3.91943
PODD,Insulet Corporation,Health Care,Health Care Equipment,"Acton, Massachusetts",2023-03-15,1145197,2000,0.0,0.0,1.079,9048642560.0,Medical Devices,Healthcare,NMS,USD,24.570621,16.908844,0.0,0.0,0.0
INTC,Intel,Information Technology,Semiconductors,"Santa Clara, California",1976-12-31,50863,1968,0.0,0.0,2.231,635548401664.0,Semiconductors,Technology,NMS,USD,0.0,0.0,0.0,0.0,0.0
IBKR,Interactive Brokers,Financials,Investment Banking & Brokerage,"Greenwich, Connecticut",2025-08-28,1381197,1977,0.41,0.13,1.349,145539923968.0,Capital Markets,Financial Services,NMS,USD,33.896824,26.72373,0.35,2.52,3.19641
ICE,Intercontinental Exchange,Financials,Financial Exchanges & Data,"Atlanta, Georgia",2007-09-26,1571949,2000,1.37,0.2821,0.934,85348802560.0,Financial Data & Stock Exchanges,Financial Services,NYQ,USD,21.442877,17.2749,2.08,7.09,8.80063
IFF,International Flavors & Fragrances,Materials,Specialty Chemicals,"New York City, New York",1976-03-31,51253,1958 (1889),1.88,0.4954,0.953,21312735232.0,Specialty Chemicals,Basic Materials,NYQ,USD,0.0,0.0,0.0,0.0,0.0
IP,International Paper,Materials,Paper & Plastic Packaging Products & Materials,"Memphis, Tennessee",1957-03-04,51434,1898,5.55,1.5812,0.883,17565833216.0,Packaging & Containers,Consumer Cyclical,NYQ,USD,0.0,0.0,0.0,0.0,0.0
INTU,Intuit,Information Technology,Application Software,"Mountain View, California",2000-12-05,896878,1983,2.06,0.2916,0.976,73679634432.0,Software - Application,Technology,NMS,USD,16.285292,10.183037,5.52,16.93,27.07542
ISRG,Intuitive Surgical,Health Care,Health Care Equipment,"Sunnyvale, California",2008-06-02,1035267,1995,0.0,0.0,1.465,145686609920.0,Medical Instruments & Supplies,Healthcare,NMS,USD,46.525173,33.629215,0.0,0.0,0.0
IVZ,Invesco,Financials,Asset Management & Custody Banks,"Atlanta, Georgia",2008-08-21,914208,1935,2.83,0.5646,1.605,13315633152.0,Asset Management,Financial Services,NYQ,USD,0.0,0.0,0.0,0.0,0.0
INVH,Invitation Homes,Real Estate,Single-Family Residential REITs,"Dallas, Texas",2022-09-19,1687229,2012,4.52,1.0917,0.831,15551110144.0,REIT - Residential,Real Estate,NYQ,USD,24.155962,37.03808,1.2,1.09,0.71089
IQV,IQVIA,Health Care,Life Sciences Tools & Services,"Durham, North Carolina",2017-08-29,1478242,1982,0.0,0.0,1.186,44252712960.0,Diagnostics & Research,Healthcare,NYQ,USD,33.439056,18.577368,0.0,0.0,0.0
IRM,Iron Mountain,Real Estate,Other Specialized REITs,"Portsmouth, New Hampshire",2009-01-06,1020569,1951,3.1,2.395,1.204,33030125568.0,REIT - Specialty,Real Estate,NYQ,USD,78.68794,40.64549,3.46,1.41,2.7297
JBHT,J.B. Hunt,Industrials,Cargo Ground Transportation,"Lowell, Arkansas",2015-07-01,728535,1961,0.8,0.2532,1.289,21038295040.0,Integrated Freight & Logistics,Industrials,NMS,USD,31.870554,22.31547,1.8,7.03,10.04012
JBL,Jabil,Information Technology,Electronic Manufacturing Services,"St. Petersburg, Florida",2023-12-18,898293,1966,0.1,0.0401,1.292,30059223040.0,Electronic Components,Technology,NYQ,USD,26.463099,13.912356,0.32,10.84,20.61908
JKHY,Jack Henry & Associates,Financials,Transaction & Payment Processing Services,"Monett, Missouri",2018-11-13,779152,1976,1.7,0.341,0.564,10042930176.0,Information Technology Services,Technology,NMS,USD,20.550934,18.202682,2.44,6.97,7.86917
J,Jacobs Solutions,Industrials,Construction & Engineering,"Dallas, Texas",2007-10-26,52988,1947,1.06,0.4518,0.679,15972801536.0,Engineering & Construction,Industrials,NYQ,USD,44.791393,16.362686,1.44,3.02,8.26698
JNJ,Johnson & Johnson,Health Care,Pharmaceuticals,"New Brunswick, New Jersey",1973-06-30,200406,1886,2.0,0.6079,0.235,637996498944.0,Drug Manufacturers - General,Healthcare,NYQ,USD,31.072767,21.810843,5.36,8.52,12.138
JCI,Johnson Controls,Industrials,Building Products,"Cork, Ireland",2010-08-27,833444,1885,1.07,0.45069999,1.304,90043457536.0,Building Products & Equipment,Industrials,NYQ,USD,41.755615,24.416645,1.6,3.56,6.08806
JPM,JPMorgan Chase,Financials,Diversified Banks,"New York City, New York",1975-06-30,19617,2000 (1799 / 1871),1.97,0.2571,0.975,879407726592.0,Banks - Diversified,Financial Services,NYQ,USD,14.346487,13.23956,6.6,23.06,24.98799
KVUE,Kenvue,Consumer Staples,Personal Care Products,"Skillman, New Jersey",2023-08-25,1944048,2022 (Johnson & Johnson spinoff),4.69,0.97650003,0.426,33920860160.0,Household & Personal Products,Consumer Defensive,NYQ,USD,21.02381,14.244118,0.84,0.84,1.23981
KDP,Keurig Dr Pepper,Consumer Staples,Soft Drinks & Non-alcoholic Beverages,"Burlington, Massachusetts",2022-06-21,1418135,1981,2.96,0.9293,0.414,41287458816.0,Beverages - Non-Alcoholic,Consumer Defensive,NMS,USD,30.646465,11.969954,0.92,0.99,2.53468
KEY,KeyCorp,Financials,Regional Banks,"Cleveland, Ohio",1994-03-01,91576,1825,4.08,0.4795,1.023,21417269248.0,Banks - Regional,Financial Services,NYQ,USD,11.736841,9.399367,0.82,1.71,2.13525
KEYS,Keysight Technologies,Information Technology,Electronic Equipment & Instruments,"Santa Rosa, California",2018-11-06,1601046,2014 (1939),0.0,0.0,1.208,61975900160.0,Scientific & Technical Instruments,Technology,NYQ,USD,49.261166,26.243607,0.0,0.0,0.0
KMB,Kimberly-Clark,Consumer Staples,Household Products,"Irving, Texas",1957-03-04,55785,1872,5.17,1.0040001,0.273,32340948992.0,Household & Personal Products,Consumer Defensive,NMS,USD,19.254942,13.049668,5.12,5.06,7.46609
KIM,Kimco Realty,Real Estate,Retail REITs,"Jericho, New York",2006-04-04,879101,1958,5.0,1.1977,0.956,14898231296.0,REIT - Retail,Real Estate,NYQ,USD,25.82558,25.238636,1.12,0.86,0.88
KMI,Kinder Morgan,Energy,Oil & Gas Storage & Transportation,"Houston, Texas",2012-05-25,1506307,1997,3.88,0.7581,0.551,67078500352.0,Oil & Gas Midstream,Energy,NYQ,USD,19.451612,19.520374,1.18,1.55,1.54454
KKR,KKR & Co.,Financials,Asset Management & Custody Banks,"New York City, New York",2024-06-24,1404912,1976,0.84,0.23959999,1.791,84323819520.0,Asset Management,Financial Services,NYQ,USD,29.169329,12.322568,0.78,3.13,7.40917
KLAC,KLA Corporation,Information Technology,Semiconductor Materials & Equipment,"Milpitas, California",1997-09-30,319201,1975/1977 (1997),0.47,0.2186,1.444,254384898048.0,Semiconductor Equipment & Materials,Technology,NMS,USD,53.25956,29.070642,0.92,3.66,6.70539
KHC,Kraft Heinz,Consumer Staples,Packaged Foods & Meats,"Chicago, Illinois; Pittsburgh, Pennsylvania",2015-07-06,1637459,2015 (1869),7.04,0.7306,0.082,26941915136.0,Packaged Foods,Consumer Defensive,NYQ,USD,0.0,0.0,0.0,0.0,0.0
KR,Kroger,Consumer Staples,Food Retail,"Cincinnati, Ohio",1957-03-04,56873,1883,2.57,0.7568,0.406,34620305408.0,Grocery Stores,Consumer Defensive,NYQ,USD,32.932583,10.638394,1.56,1.78,5.51023
LHX,L3Harris,Industrials,Aerospace & Defense,"Melbourne, Florida",2008-09-22,202058,"2019 (L3 1997, Harris 1895)",2.11,0.49490002,0.506,44091899904.0,Aerospace & Defense,Industrials,NYQ,USD,23.893038,17.48831,5.0,9.91,13.53933
LH,Labcorp,Health Care,Health Care Services,"Burlington, North Carolina",2004-11-01,920148,1978,0.93,0.2382,0.851,24987719680.0,Diagnostics & Research,Healthcare,NYQ,USD,25.463634,15.531608,2.88,12.1,19.83761
LRCX,Lam Research,Information Technology,Semiconductor Materials & Equipment,"Fremont, California",2012-06-29,707549,1980,0.41,0.18059999,1.859,411105427456.0,Semiconductor Equipment & Materials,Technology,NMS,USD,57.132175,27.98321,1.32,5.75,11.73954
LVS,Las Vegas Sands,Consumer Discretionary,Casinos & Gaming,"Las Vegas, Nevada",2019-10-03,1300514,1988,3.13,0.4264,0.819,24489582592.0,Resorts & Casinos,Consumer Cyclical,NYQ,USD,14.65504,10.769626,1.2,2.58,3.5108
LDOS,Leidos,Industrials,Diversified Support Services,"Reston, Virginia",2019-08-09,1336920,1969,1.4,0.1578,0.572,15324443648.0,Information Technology Services,Technology,NYQ,USD,11.37535,9.555069,1.72,10.71,12.7503
LEN,Lennar,Consumer Discretionary,Homebuilding,"Miami, Florida",2005-10-04,920760,1954,2.41,0.3788,1.398,19654633472.0,Residential Construction,Consumer Cyclical,NYQ,USD,15.45265,15.097154,2.0,5.28,5.40433
LII,Lennox International,Industrials,Building Products,"Richardson, Texas",2024-12-23,1069202,1895,1.51,0.2337,1.184,12269730816.0,Building Products & Equipment,Industrials,NYQ,USD,15.771656,13.592424,5.44,22.51,26.11896
LLY,Lilly (Eli),Health Care,Pharmaceuticals,"Indianapolis, Indiana",1970-12-31,59478,1876,0.58,0.2169,0.502,1031371358208.0,Drug Manufacturers - General,Healthcare,NYQ,USD,39.84435,24.337812,6.92,29.04,47.54248
LIN,Linde plc,Materials,Industrial Gases,"Guildford, United Kingdom",1992-07-01,1707925,1879,1.35,0.4,0.727,218804224000.0,Specialty Chemicals,Basic Materials,NMS,USD,30.662146,24.267998,6.4,15.48,19.55868
LYV,Live Nation Entertainment,Communication Services,Movies & Entertainment,"Beverly Hills, California",2019-12-23,1335258,2010,0.0,0.0,1.116,39440044032.0,Entertainment,Communication Services,NYQ,USD,0.0,0.0,0.0,0.0,0.0
LMT,Lockheed Martin,Industrials,Aerospace & Defense,"Bethesda, Maryland",1957-03-04,936468,1995,2.71,0.5033,0.104,117530189824.0,Aerospace & Defense,Industrials,NYQ,USD,18.763817,15.547657,13.8,27.14,32.75413
L,Loews Corporation,Financials,Multi-line Insurance,"New York City, New York",1995-05-31,60086,1959,0.24,0.0307,0.507,21348386816.0,Insurance - Property & Casualty,Financial Services,NYQ,USD,13.004982,36.010345,0.25,8.03,2.9
LOW,Lowe's,Consumer Discretionary,Home Improvement Retail,"Mooresville, North Carolina",1984-02-29,60667,1904/1946/1959,2.67,0.41,0.846,103396638720.0,Home Improvement Retail,Consumer Cyclical,NYQ,USD,15.578191,14.151323,5.0,11.83,13.02281
LULU,Lululemon Athletica,Consumer Discretionary,"Apparel, Accessories & Luxury Goods","Vancouver, Canada",2023-10-18,1397187,1998,0.0,0.0,0.864,10649197568.0,Apparel Retail,Consumer Cyclical,NMS,USD,7.916873,11.125106,0.0,0.0,0.0
LITE,Lumentum,Information Technology,Communications Equipment,"San Jose, California",2026-03-23,1633978,2015,0.0,0.0,1.541,87122026496.0,Communication Equipment,Technology,NMS,USD,0.0,0.0,0.0,0.0,0.0
LYB,LyondellBasell,Materials,Specialty Chemicals,"Rotterdam, Netherlands",2012-09-05,1489393,2007,4.74,11.468101,0.353,18564990976.0,Specialty Chemicals,Basic Materials,NYQ,USD,0.0,0.0,0.0,0.0,0.0
MTB,M&T Bank,Financials,Regional Banks,"Buffalo, New York",2004-02-23,36270,1856,2.76,0.3176,0.563,31537420288.0,Banks - Regional,Financial Services,NYQ,USD,11.513228,10.31417,6.0,18.9,21.09719
MPC,Marathon Petroleum,Energy,Oil & Gas Refining & Marketing,"Findlay, Ohio",2011-07-01,1510295,2009 (1887),1.02,0.1356,0.527,115437592576.0,Oil & Gas Refining & Marketing,Energy,NYQ,USD,13.706066,8.389233,4.0,28.85,47.13423
MAR,Marriott International,Consumer Discretionary,"Hotels, Resorts & Cruise Lines","Bethesda, Maryland",1998-05-29,1048286,1927,0.81,0.2836,1.104,92746752000.0,Lodging,Consumer Cyclical,NMS,USD,36.818844,27.031363,2.92,9.66,13.15768
MRSH,Marsh McLennan,Financials,Insurance Brokers,"New York City, New York",1987-08-31,62709,1905,2.32,0.4396,0.577,81474273280.0,Insurance Brokers,Financial Services,NYQ,USD,20.820732,14.962705,3.96,8.2,11.41037
MLM,Martin Marietta Materials,Materials,Construction Materials,"Raleigh, North Carolina",2014-07-02,916076,1993,0.7,0.2159,1.101,34075809792.0,Building Materials,Basic Materials,NYQ,USD,31.23763,22.476337,3.36,15.36,21.34734
MRVL,Marvell Technology,Information Technology,Semiconductors,"Santa Clara, California",2026-06-22,1835632,1995,0.09,0.0795,2.253,237446742016.0,Semiconductors,Technology,NMS,USD,86.91119,39.0316,0.24,3.04,6.76913
MAS,Masco,Industrials,Building Products,"Livonia, Michigan",1981-06-30,62996,1929,1.87,0.2903,1.294,13290432512.0,Building Products & Equipment,Industrials,NYQ,USD,15.638052,14.478651,1.28,4.31,4.65513
MA,Mastercard,Financials,Transaction & Payment Processing Services,"Harrison, New York",2008-07-18,1141391,1966,0.63,0.17930001,0.735,483093151744.0,Credit Services,Financial Services,NYQ,USD,30.300547,23.951118,3.48,18.2,23.02481
MKC,McCormick & Company,Consumer Staples,Packaged Foods & Meats,"Hunt Valley, Maryland",2003-03-20,63754,1889,3.97,0.3095,0.634,12474712064.0,Packaged Foods,Consumer Defensive,NYQ,USD,7.7204657,14.078354,1.92,6.01,3.29584
MCD,McDonald's,Consumer Discretionary,Restaurants,"Chicago, Illinois",1970-06-30,63908,1940,3.3,0.5971,0.414,163422732288.0,Restaurants,Consumer Cyclical,NYQ,USD,19.007408,16.665886,7.72,12.15,13.85705
MCK,McKesson Corporation,Health Care,Health Care Distributors,"Irving, Texas",1999-01-13,927653,1833,0.43,0.088,0.307,99546013696.0,Medical Distribution,Healthcare,NYQ,USD,22.890348,16.93581,3.76,37.3,50.41448
MDT,Medtronic,Health Care,Health Care Equipment,"Galway, Ireland",1986-10-31,1613103,1949,3.31,0.70199996,0.574,110376812544.0,Medical Devices,Healthcare,NYQ,USD,21.465174,13.471888,2.88,4.02,6.40519
MRK,Merck & Co.,Health Care,Pharmaceuticals,"Kenilworth, New Jersey",1957-03-04,310158,1891,2.28,2.688,0.226,358504693760.0,Drug Manufacturers - General,Healthcare,NYQ,USD,116.248,15.242776,3.4,1.25,9.53304
META,Meta Platforms,Communication Services,Interactive Media & Services,"Menlo Park, California",2013-12-23,1326801,2004,0.28,0.0791,1.243,1847400464384.0,Internet Content & Information,Communication Services,NMS,USD,26.456768,20.817175,2.1,27.41,34.83566
MET,MetLife,Financials,Life & Health Insurance,"New York City, New York",2000-12-11,1099219,1868,2.49,0.4397,0.759,59836510208.0,Insurance - Life,Financial Services,NYQ,USD,18.038315,8.622253,2.37,5.22,10.92058
MTD,Mettler Toledo,Health Care,Life Sciences Tools & Services,"Columbus, Ohio",2016-09-06,1037646,1945,0.0,0.0,1.22,30274238464.0,Diagnostics & Research,Healthcare,NYQ,USD,34.599266,29.20722,0.0,0.0,0.0
MGM,MGM Resorts,Consumer Discretionary,Casinos & Gaming,"Paradise, Nevada",2017-07-26,789570,1986,0.0,0.0,1.282,7811954688.0,Resorts & Casinos,Consumer Cyclical,NYQ,USD,18.818182,15.028677,0.0,0.0,0.0
MCHP,Microchip Technology,Information Technology,Semiconductors,"Chandler, Arizona",2007-09-07,827054,1989,2.31,2.6764998,1.736,42229784576.0,Semiconductors,Technology,NMS,USD,112.710144,16.967197,1.82,0.69,4.58355
MU,Micron Technology,Information Technology,Semiconductors,"Boise, Idaho",1994-09-27,723125,1978,0.05,0.0112,2.222,1202927960064.0,Semiconductors,Technology,NMS,USD,24.097511,6.59541,0.53,44.2,161.49261
MSFT,Microsoft,Information Technology,Systems Software,"Redmond, Washington",1994-06-01,789019,1975,0.77,0.1983,1.108,3808562511872.0,Software - Infrastructure,Technology,NMS,USD,28.542017,21.692709,3.92,17.97,23.64389
MAA,Mid-America Apartment Communities,Real Estate,Multi-Family Residential REITs,"Memphis, Tennessee",2016-12-02,912595,1977,5.17,1.7807001,0.715,14049518592.0,REIT - Residential,Real Estate,NYQ,USD,34.4269,35.901047,6.12,3.42,3.27957
MRNA,Moderna,Health Care,Biotechnology,"Cambridge, Massachusetts",2021-07-21,1682852,2010,0.0,0.0,1.106,76880863232.0,Biotechnology,Healthcare,NMS,USD,0.0,0.0,0.0,0.0,0.0
MDLZ,Mondelez International,Consumer Staples,Packaged Foods & Meats,"Chicago, Illinois",2012-10-02,1103982,2012,3.51,0.73260003,0.402,74220634112.0,Confectioners,Consumer Defensive,NMS,USD,21.179487,17.207413,2.08,2.73,3.36018
MPWR,Monolithic Power Systems,Information Technology,Semiconductors,"Kirkland, Washington",2021-02-12,1280452,1997,0.59,0.4344,1.664,66206429184.0,Semiconductors,Technology,NMS,USD,82.0975,38.634727,8.0,16.41,34.8707
MNST,Monster Beverage,Consumer Staples,Soft Drinks & Non-alcoholic Beverages,"Corona, California",2012-06-28,865752,2012 (1935),0.0,0.0,0.515,81535729664.0,Beverages - Non-Alcoholic,Consumer Defensive,NMS,USD,38.537033,31.791376,0.0,0.0,0.0
MCO,Moody's Corporation,Financials,Financial Exchanges & Data,"New York City, New York",1998-07-01,1059556,1909,0.91,0.25,1.334,78646681600.0,Financial Data & Stock Exchanges,Financial Services,NYQ,USD,29.374516,23.99738,4.12,15.46,18.92415
MS,Morgan Stanley,Financials,Investment Banking & Brokerage,"New York City, New York",1993-07-29,895421,1935,2.39,0.3231,1.207,295392116736.0,Capital Markets,Financial Services,NYQ,USD,15.1922455,13.78916,4.6,12.38,13.6397
MOS,Mosaic Company (The),Materials,Fertilizers & Agricultural Chemicals,"Tampa, Florida",2011-09-26,1285785,2004 (1865 / 1909),4.06,6.2857,0.831,6882440704.0,Agricultural Inputs,Basic Materials,NYQ,USD,0.0,0.0,0.0,0.0,0.0
MSI,Motorola Solutions,Information Technology,Communications Equipment,"Chicago, Illinois",1957-03-04,68505,1928 (2011),1.08,0.3719,0.881,73805266944.0,Communication Equipment,Technology,NYQ,USD,35.198895,22.951849,4.84,12.67,19.43068
MSCI,MSCI,Financials,Financial Exchanges & Data,"New York City, New York",2018-04-04,1408198,1969,1.52,0.42099997,1.219,39160578048.0,Financial Data & Stock Exchanges,Financial Services,NYQ,USD,29.434973,23.938528,8.2,18.3,22.5018
NDAQ,"Nasdaq, Inc.",Financials,Financial Exchanges & Data,"New York City, New York",2008-10-22,1120193,1971,1.26,0.32650003,0.974,51431505920.0,Financial Data & Stock Exchanges,Financial Services,NMS,USD,26.825073,19.662693,1.16,3.43,4.67942
NTAP,NetApp,Information Technology,"Technology Hardware, Storage & Peripherals","San Jose, California",1999-06-25,1002047,1992,0.99,0.2938,1.432,41263706112.0,Software - Infrastructure,Technology,NMS,USD,29.714285,18.89049,2.08,7.07,11.12094
NFLX,Netflix,Communication Services,Movies & Entertainment,"Los Gatos, California",2010-12-20,1065280,1997,0.0,0.0,1.526,289726922752.0,Entertainment,Communication Services,NMS,USD,21.676012,18.250301,0.0,0.0,0.0
NEM,Newmont,Materials,Gold,"Denver, Colorado",1969-06-30,1164727,1921,0.89,0.1286,0.543,121532866560.0,Gold,Basic Materials,NYQ,USD,14.544766,11.272985,1.04,7.93,10.23154
NWSA,News Corp (Class A),Communication Services,Publishing,"New York City, New York",2013-08-01,1564708,2013 (News Corporation 1980),0.7,0.1942,0.923,15454959616.0,Entertainment,Communication Services,NMS,USD,27.815535,18.951923,0.2,1.03,1.51172
NWS,News Corp (Class B),Communication Services,Publishing,"New York City, New York",2015-09-18,1564708,2013 (News Corporation 1980),0.63,0.1942,0.923,17111040000.0,Entertainment,Communication Services,NMS,USD,30.796116,20.982721,0.2,1.03,1.51172
NEE,NextEra Energy,Utilities,Multi-Utilities,"Juno Beach, Florida",1976-06-30,753308,1984 (1925),3.28,0.53470004,0.644,157963747328.0,Utilities - Regulated Electric,Utilities,NYQ,USD,17.020226,17.23867,2.49,4.45,4.39361
NKE,"Nike, Inc.",Consumer Discretionary,"Apparel, Accessories & Luxury Goods","Washington County, Oregon",1988-11-30,320187,1964,4.63,0.77620006,1.11,52515856384.0,Footwear & Accessories,Consumer Cyclical,NYQ,USD,16.619719,16.411684,1.64,2.13,2.157
NI,NiSource,Utilities,Multi-Utilities,"Merrillville, Indiana",2000-11-02,1111711,1912,3.05,0.617,0.54,18702843904.0,Utilities - Regulated Gas,Utilities,NYQ,USD,20.74468,17.309101,1.2,1.88,2.25315
NDSN,Nordson Corporation,Industrials,Industrial Machinery & Supplies & Components,"Westlake, Ohio",2022-02-15,72331,1935,1.15,0.33200002,0.972,18267129856.0,Specialty Industrial Machinery,Industrials,NMS,USD,33.049397,25.252527,3.76,9.92,12.98286
NSC,Norfolk Southern,Industrials,Rail Transportation,"Atlanta, Georgia",1957-03-04,702165,1881/1894 (1980),1.73,0.46080002,1.268,69403983872.0,Railroads,Industrials,NYQ,USD,26.387703,21.586231,5.4,11.71,14.31468
NTRS,Northern Trust,Financials,Asset Management & Custody Banks,"Chicago, Illinois",1998-01-30,73124,1889,1.94,0.2749,1.257,30985369600.0,Asset Management,Financial Services,NMS,USD,14.255892,13.319366,3.28,11.88,12.71532
NOC,Northrop Grumman,Industrials,Aerospace & Defense,"West Falls Church, Virginia[2]",1957-03-04,1133421,"1994 (Northrop 1939, Grumman 1930)",1.96,0.2988,-0.11,68684632064.0,Aerospace & Defense,Industrials,NYQ,USD,15.377863,15.876607,9.88,31.44,30.45235
NCLH,Norwegian Cruise Line Holdings,Consumer Discretionary,"Hotels, Resorts & Cruise Lines","Miami-Dade County, Florida[3]",2017-10-13,1513761,2011 (1966),0.0,0.0,1.881,6731693568.0,Travel Services,Consumer Cyclical,NYQ,USD,8.884849,8.778496,0.0,0.0,0.0
NRG,NRG Energy,Utilities,Independent Power Producers & Energy Traders,"Houston, Texas",2010-01-29,1013871,1992,1.96,0.4766,1.173,20106633216.0,Utilities - Independent Power Producers,Utilities,NYQ,USD,24.844156,8.548437,1.9,3.85,11.18918
NUE,Nucor,Materials,Steel,"Charlotte, North Carolina",1985-04-30,73309,1940,0.95,0.17799999,1.881,53032189952.0,Steel,Basic Materials,NYQ,USD,18.670128,11.824427,2.24,12.52,19.7684
NVDA,Nvidia,Information Technology,Semiconductors,"Santa Clara, California",2001-11-30,1045810,1993,0.44,0.0354,2.217,5514691870720.0,Semiconductors,Technology,NMS,USD,29.05598,14.562609,1.0,7.86,15.68263
NVR,"NVR, Inc.",Consumer Discretionary,Homebuilding,"Reston, Virginia",2019-09-26,906163,1980,0.0,0.0,0.913,16400587776.0,Residential Construction,Consumer Cyclical,NYQ,USD,15.998727,15.362272,0.0,0.0,0.0
NXPI,NXP Semiconductors,Information Technology,Semiconductors,"Eindhoven, Netherlands",2021-03-22,1413447,1953,1.72,0.3461,1.817,59896557568.0,Semiconductors,Technology,NMS,USD,20.249788,13.097941,4.06,11.73,18.13491
ORLY,O'Reilly Automotive,Consumer Discretionary,Automotive Retail,"Springfield, Missouri",2009-03-27,898173,1957,0.0,0.0,0.515,69093343232.0,Auto Parts,Consumer Cyclical,NMS,USD,27.114286,23.394745,0.0,0.0,0.0
OXY,Occidental Petroleum,Energy,Oil & Gas Exploration & Production,"Houston, Texas",1957-03-04,797468,1920,2.04,0.295,0.164,55299940352.0,Oil & Gas E&P,Energy,NYQ,USD,16.318583,13.731477,1.12,3.39,4.0287
ODFL,Old Dominion,Industrials,Cargo Ground Transportation,"Thomasville, North Carolina",2019-12-09,878927,1934,0.67,0.2192,1.165,36046876672.0,Trucking,Industrials,NMS,USD,33.43077,26.019356,1.16,5.2,6.68118
OMC,Omnicom Group,Communication Services,Advertising,"New York City, New York",1997-12-31,29989,1986,4.32,8.3784,0.673,20985006080.0,Advertising Agencies,Communication Services,NYQ,USD,198.99998,6.2695417,3.2,0.37,11.74408
ON,ON Semiconductor,Information Technology,Semiconductors,"Phoenix, Arizona",2022-06-21,1097864,1999,0.0,0.0,1.997,29926924288.0,Semiconductors,Technology,NMS,USD,50.241833,16.973593,0.0,0.0,0.0
OKE,Oneok,Energy,Oil & Gas Storage & Transportation,"Tulsa, Oklahoma",2010-03-15,1039684,1906,4.93,0.72540003,0.719,53754990592.0,Oil & Gas Midstream,Energy,NYQ,USD,14.727116,13.672184,4.28,5.79,6.23675
ORCL,Oracle Corporation,Information Technology,Application Software,"Austin, Texas",1989-08-31,1341439,1977,1.45,0.31350002,1.732,416225099776.0,Software - Infrastructure,Technology,NYQ,USD,21.58805,12.485007,2.0,6.36,10.99719
OTIS,Otis Worldwide,Industrials,Industrial Machinery & Supplies & Components,"Farmington, Connecticut",2020-04-03,1781335,"2020 (1853, United Technologies spinoff)",2.68,0.437,0.875,24484653056.0,Specialty Industrial Machinery,Industrials,NYQ,USD,16.534704,14.185148,1.76,3.89,4.53432
PCAR,Paccar,Industrials,Construction Machinery & Heavy Transportation Equipment,"Bellevue, Washington",1980-12-31,75362,1905,1.25,0.2821,0.972,57800134656.0,Farm & Heavy Construction Machinery,Industrials,NMS,USD,23.117895,15.199457,1.4,4.75,7.2246
PKG,Packaging Corporation of America,Materials,Paper & Plastic Packaging Products & Materials,"Lake Forest, Illinois",2017-07-26,75677,1959,2.57,0.6818,0.797,20426674176.0,Packaging & Containers,Consumer Cyclical,NYQ,USD,30.285336,17.474445,6.0,7.57,13.11973
PLTR,Palantir Technologies,Information Technology,Application Software,"Aventura, Florida",2024-09-23,1321655,2003,0.0,0.0,1.621,449492090880.0,Software - Infrastructure,Technology,NMS,USD,159.87181,80.521225,0.0,0.0,0.0
PANW,Palo Alto Networks,Information Technology,Systems Software,"Santa Clara, California",2023-06-20,1327567,2005,0.0,0.0,0.908,324999577600.0,Software - Infrastructure,Technology,NMS,USD,1018.7436,81.4315,0.0,0.0,0.0
PSKY,Paramount Skydance Corporation,Communication Services,Movies & Entertainment,"Los Angeles, California",1994-09-30,2041610,2025 (Paramount Pictures 1912),2.0,6.6667,1.52,11561058304.0,Entertainment,Communication Services,NMS,USD,344.33334,12.212712,0.2,0.03,0.84584
PH,Parker Hannifin,Industrials,Industrial Machinery & Supplies & Components,"Cleveland, Ohio",1985-11-30,76334,1917,0.82,0.2598,1.123,120490319872.0,Specialty Industrial Machinery,Industrials,NYQ,USD,33.60605,24.238749,8.0,28.43,39.41705
PAYX,Paychex,Industrials,Human Resource & Employment Services,"Penfield, New York",1998-10-01,723531,1971,4.79,0.9008,0.808,35064078336.0,Software - Application,Technology,NMS,USD,19.543652,15.418185,4.76,5.04,6.38856
PYPL,PayPal,Financials,Transaction & Payment Processing Services,"San Jose, California",2015-07-20,1633917,1998,1.04,0.0794,1.286,45280858112.0,Credit Services,Financial Services,NMS,USD,9.930057,9.08005,0.56,5.29,5.78521
PNR,Pentair,Industrials,Industrial Machinery & Supplies & Components,"Worsley, United Kingdom",2012-10-01,77360,1966,2.02,0.268,1.018,8563477504.0,Specialty Industrial Machinery,Industrials,NYQ,USD,13.657216,10.252373,1.08,3.88,5.16856
PEP,PepsiCo,Consumer Staples,Soft Drinks & Non-alcoholic Beverages,"Purchase, New York",1957-03-04,77476,1898,4.67,0.7533,0.361,173099515904.0,Beverages - Non-Alcoholic,Consumer Defensive,NMS,USD,16.608126,14.197475,5.92,7.63,8.92553
PFE,Pfizer,Health Care,Pharmaceuticals,"New York City, New York",1957-03-04,78003,1849,5.99,2.2632,0.299,162554691584.0,Drug Manufacturers - General,Healthcare,NYQ,USD,37.526318,9.84521,1.72,0.76,2.89684
PCG,PG&E Corporation,Utilities,Multi-Utilities,"Oakland, California",2022-10-03,1004980,1905,1.64,0.1259,0.245,36778995712.0,Utilities - Regulated Electric,Utilities,NYQ,USD,8.81295,6.799436,0.2,1.39,1.80162
PM,Philip Morris International,Consumer Staples,Tobacco,"New York City, New York",2008-03-31,1413329,2008 (1847),3.3,0.80730003,0.395,297414623232.0,Tobacco,Consumer Defensive,NYQ,USD,26.175585,20.762114,6.4,7.29,9.19078
PSX,Phillips 66,Energy,Oil & Gas Refining & Marketing,"Houston, Texas",2012-05-01,1534701,2012 (1917),2.01,0.282,0.704,101874032640.0,Oil & Gas Refining & Marketing,Energy,NYQ,USD,14.564175,9.911776,5.08,17.53,25.75825
PNW,Pinnacle West Capital,Utilities,Multi-Utilities,"Phoenix, Arizona",1999-10-04,764622,1985,3.9,0.6958,0.437,11276190720.0,Utilities - Regulated Electric,Utilities,NYQ,USD,17.857965,16.666428,3.64,5.21,5.58248
PNC,PNC Financial Services,Financials,Diversified Banks,"Pittsburgh, Pennsylvania",1988-04-30,713676,1845,3.61,0.3744,0.889,88669216768.0,Banks - Regional,Financial Services,NYQ,USD,12.24573,10.368766,8.0,18.15,21.43553
PPG,PPG Industries,Materials,Specialty Chemicals,"Pittsburgh, Pennsylvania",1957-03-04,79879,1883,2.79,0.4075,1.063,23192559616.0,Specialty Chemicals,Basic Materials,NYQ,USD,14.968437,12.055851,2.96,6.97,8.65389
PPL,PPL Corporation,Utilities,Electric Utilities,"Allentown, Pennsylvania",2001-10-01,922224,1920,3.5,0.65980005,0.583,24751198208.0,Utilities - Regulated Electric,Utilities,NYQ,USD,19.461538,15.520374,1.14,1.69,2.11915
PFG,Principal Financial Group,Financials,Life & Health Insurance,"Des Moines, Iowa",2002-07-22,1126328,1879,3.0,0.45439997,0.872,23971155968.0,Asset Management,Financial Services,NMS,USD,15.948718,10.750479,3.36,7.02,10.41442
PG,Procter & Gamble,Consumer Staples,Personal Care Products,"Cincinnati, Ohio",1957-03-04,80424,1837,2.94,0.6433,0.377,337693638656.0,Household & Personal Products,Consumer Defensive,NYQ,USD,21.94562,19.634874,4.35,6.62,7.39908
PGR,Progressive Corporation,Financials,Property & Casualty Insurance,"Mayfield Village, Ohio",1997-08-04,80661,1937,0.19,0.6974,0.259,120322719744.0,Insurance - Property & Casualty,Financial Services,NYQ,USD,10.396689,12.726016,0.4,19.94,16.29025
PLD,Prologis,Real Estate,Industrial REITs,"San Francisco, California",2003-07-17,1045609,1983,3.23,0.9265,1.316,126216339456.0,REIT - Industrial,Real Estate,NYQ,USD,29.509089,38.952038,4.28,4.4,3.33333
PRU,Prudential Financial,Financials,Life & Health Insurance,"Newark, New Jersey",2002-07-22,1137774,1875,4.87,0.4986,0.819,39185100800.0,Insurance - Life,Financial Services,NYQ,USD,10.297371,7.6434717,5.6,11.03,14.85974
PEG,Public Service Enterprise Group,Utilities,Electric Utilities,"Newark, New Jersey",1957-03-04,788784,1903,3.96,0.6468,0.519,33556961280.0,Utilities - Regulated Electric,Utilities,NYQ,USD,16.751244,14.4122305,2.68,4.02,4.67242
PTC,PTC Inc.,Information Technology,Application Software,"Boston, Massachusetts",2021-04-20,857005,1985,0.0,0.0,1.002,15223429120.0,Software - Application,Technology,NMS,USD,13.608148,15.711579,0.0,0.0,0.0
PSA,Public Storage,Real Estate,Self-Storage REITs,"Glendale, California",2005-08-19,1393311,1972,4.2,1.145,0.935,52849299456.0,REIT - Industrial,Real Estate,NYQ,USD,26.98855,27.65507,12.0,10.48,10.22742
PHM,PulteGroup,Consumer Discretionary,Homebuilding,"Atlanta, Georgia",1984-04-30,822416,1956,0.88,0.1021,1.201,22107844608.0,Residential Construction,Consumer Cyclical,NYQ,USD,12.102189,10.523166,1.04,9.59,11.029
PWR,Quanta Services,Industrials,Construction & Engineering,"Houston, Texas",2009-07-01,1050915,1997,0.07,0.049200002,1.2,96597131264.0,Engineering & Construction,Industrials,NYQ,USD,73.597946,32.492767,0.44,8.73,19.77394
QCOM,Qualcomm,Information Technology,Semiconductors,"San Diego, California",1999-07-22,804328,1985,2.0,0.4103,1.679,196565843968.0,Semiconductors,Technology,NMS,USD,21.057207,18.036045,3.68,8.74,10.20401
DGX,Quest Diagnostics,Health Care,Health Care Services,"Secaucus, New Jersey",2002-12-12,1022079,1967,1.48,0.2611,0.549,25724719104.0,Diagnostics & Research,Healthcare,NYQ,USD,24.768333,19.329542,3.44,9.41,12.05771
Q,Qnity Electronics,Information Technology,Semiconductor Materials & Equipment,"Wilmington, Delaware",2025-11-03,2058873,2025,0.25,0.078600004,0.0,26322311168.0,Semiconductor Equipment & Materials,Technology,NYQ,USD,44.907143,23.37983,0.32,2.8,5.37814
RL,Ralph Lauren Corporation,Consumer Discretionary,"Apparel, Accessories & Luxury Goods","New York City, New York",2007-02-02,1037038,1967,1.12,0.2355,1.353,21155866624.0,Apparel Manufacturing,Consumer Cyclical,NYQ,USD,22.38777,16.977234,4.0,15.86,20.91448
RJF,Raymond James Financial,Financials,Investment Banking & Brokerage,"St. Petersburg, Florida",2017-03-20,720005,1962,1.35,0.1848,0.917,30396997632.0,Asset Management,Financial Services,NYQ,USD,13.76481,11.130293,2.16,11.48,14.19729
RDDT,Reddit,Communication Services,Interactive Media & Services,"San Francisco, California",2026-08-18,1713445,2005,0.0,0.0,2.022,27404959744.0,Internet Content & Information,Communication Services,NYQ,USD,32.520546,14.703499,0.0,0.0,0.0
RTX,RTX Corporation,Industrials,Aerospace & Defense,"Waltham, Massachusetts",1957-03-04,101829,1922,1.56,0.48770002,0.287,250211287040.0,Aerospace & Defense,Industrials,NYQ,USD,32.68486,23.62753,2.92,5.68,7.85736
O,Realty Income,Real Estate,Retail REITs,"San Diego, California",2015-04-07,726728,1969,5.91,2.3641999,0.712,51379638272.0,REIT - Retail,Real Estate,NYQ,USD,39.635036,34.964134,3.26,1.37,1.55302
REG,Regency Centers,Real Estate,Retail REITs,"Jacksonville, Florida",2017-03-02,910606,1963,4.16,1.0009999,0.807,13438593024.0,REIT - Retail,Real Estate,NMS,USD,24.283783,28.555763,3.02,2.96,2.51718
REGN,Regeneron Pharmaceuticals,Health Care,Biotechnology,"Tarrytown, New York",2013-05-01,872589,1988,0.5,0.090100005,0.193,78067687424.0,Biotechnology,Healthcare,NMS,USD,18.778357,12.454417,3.76,40.38,60.88362
RF,Regions Financial Corporation,Financials,Regional Banks,"Birmingham, Alabama",1998-08-28,1281761,1971,4.07,0.4309,1.003,22899865600.0,Banks - Regional,Financial Services,NYQ,USD,10.926828,9.450712,1.1,2.46,2.84423
RSG,Republic Services,Industrials,Environmental & Facilities Services,"Phoenix, Arizona",2008-12-05,1060391,1998 (1981),1.26,0.3541,0.4,64264921088.0,Waste Management,Industrials,NYQ,USD,29.600845,26.04182,2.68,7.09,8.05896
RMD,ResMed|,Health Care,Health Care Equipment,"San Diego, California",2017-07-26,943819,1989,1.19,0.2301,0.766,31894185984.0,Medical Instruments & Supplies,Healthcare,NYQ,USD,21.01711,16.711868,2.64,10.52,13.23012
RVTY,Revvity,Health Care,Health Care Equipment,"Waltham, Massachusetts",1985-05-31,31791,1937,0.18,0.1346,1.089,17060444160.0,Diagnostics & Research,Healthcare,NYQ,USD,73.50481,25.946278,0.28,2.08,5.89256
HOOD,Robinhood Markets,Financials,Investment Banking & Brokerage,"Menlo Park, California",2025-09-22,1783879,2013,0.0,0.0,2.34,101146763264.0,Capital Markets,Financial Services,NMS,USD,51.605503,32.588104,0.0,0.0,0.0
ROK,Rockwell Automation,Industrials,Electrical Components & Equipment,"Milwaukee, Wisconsin",2000-03-12,1024478,1903,1.28,0.5103,1.515,48342818816.0,Specialty Industrial Machinery,Industrials,NYQ,USD,40.83771,29.192913,5.52,10.66,14.91218
ROL,"Rollins, Inc.",Industrials,Environmental & Facilities Services,"Atlanta, Georgia",2018-10-01,84839,1948,2.39,0.649,0.736,14492099584.0,Personal Services,Consumer Cyclical,NYQ,USD,27.381819,23.349743,0.73,1.1,1.28995
ROP,Roper Technologies,Information Technology,Electronic Equipment & Instruments,"Sarasota, Florida",2009-12-23,882835,1981,1.04,0.1446,0.747,34556952576.0,Software - Application,Technology,NMS,USD,14.55875,14.332405,3.64,24.0,24.37902
ROST,Ross Stores,Consumer Discretionary,Apparel Retail,"Dublin, California",2009-12-21,745732,1982,0.76,0.2056,0.861,74560356352.0,Apparel Retail,Consumer Cyclical,NMS,USD,28.222488,26.011482,1.78,8.27,8.97296
RCL,Royal Caribbean Group,Consumer Discretionary,"Hotels, Resorts & Cruise Lines","Miami, Florida",2014-12-05,884887,1997,2.3,0.30879998,1.75,71104806912.0,Travel Services,Consumer Cyclical,NYQ,USD,16.421246,13.007931,6.0,16.19,20.4383
SPGI,S&P Global,Financials,Financial Exchanges & Data,"New York City, New York",1957-03-04,64040,1917,0.99,0.2349,1.077,116289757184.0,Financial Data & Stock Exchanges,Financial Services,NYQ,USD,24.009129,19.509626,3.88,16.43,20.21925
CRM,Salesforce,Information Technology,Application Software,"San Francisco, California",2008-09-15,1108524,1999,0.78,0.1568,1.202,188936110080.0,Software - Application,Technology,NYQ,USD,21.00366,14.342083,1.76,10.93,16.00674
SNDK,Sandisk,Information Technology,"Technology Hardware, Storage & Peripherals","Milpitas, California",2025-11-28,2023554,1988,0.0,0.0,0.0,254752964608.0,Computer Hardware,Technology,NMS,USD,23.723618,6.6033607,0.0,0.0,0.0
SBAC,SBA Communications,Real Estate,Telecom Tower REITs,"Boca Raton, Florida",2017-09-01,1034054,1989,3.12,0.5092,0.984,16986827776.0,REIT - Specialty,Real Estate,NMS,USD,17.01594,19.56388,5.0,9.41,8.18447
SLB,Schlumberger,Energy,Oil & Gas Equipment & Services,"Houston, Texas",1957-03-04,87347,1926,2.37,0.5659,0.774,72307458048.0,Oil & Gas Equipment & Services,Energy,NYQ,USD,23.765854,15.086488,1.18,2.05,3.22938
STX,Seagate Technology,Information Technology,"Technology Hardware, Storage & Peripherals","Dublin, Ireland",2012-07-02,1137789,1979,0.32,0.21149999,2.087,209733681152.0,Computer Hardware,Technology,NMS,USD,65.787445,16.657337,2.96,14.02,55.3714
SRE,Sempra,Utilities,Multi-Utilities,"San Diego, California",2017-03-17,1032208,1998,3.36,0.7551,0.564,50978070528.0,Utilities - Diversified,Utilities,NYQ,USD,22.597101,14.072863,2.63,3.45,5.53974
NOW,ServiceNow,Information Technology,Systems Software,"Santa Clara, California",2019-11-21,1373715,2003,0.0,0.0,0.972,138547838976.0,Software - Application,Technology,NYQ,USD,83.75625,26.772497,0.0,0.0,0.0
SHW,Sherwin-Williams,Materials,Specialty Chemicals,"Cleveland, Ohio",1964-06-30,89800,1866,0.97,0.2934,1.089,78476419072.0,Specialty Chemicals,Basic Materials,NYQ,USD,29.821955,23.778524,3.2,10.84,13.59504
SPG,Simon Property Group,Real Estate,Retail REITs,"Indianapolis, Indiana",2002-06-26,1063761,2003,4.36,0.621,1.312,76213207040.0,REIT - Retail,Real Estate,NYQ,USD,14.1579685,29.537994,8.9,14.18,6.79667
SWKS,Skyworks Solutions,Information Technology,Semiconductors,"Irvine, California",2015-03-12,4127,2002,4.13,1.4714999,1.518,12856702976.0,Semiconductors,Technology,NMS,USD,44.290157,17.22467,2.84,1.93,4.96265
SJM,J.M. Smucker Company (The),Consumer Staples,Packaged Foods & Meats,"Orrville, Ohio",2008-11-06,91419,1897,3.71,2.0561,0.263,12702345216.0,Packaged Foods,Consumer Defensive,NYQ,USD,55.56542,10.88742,4.48,2.14,10.92178
SW,Smurfit Westrock,Materials,Paper & Plastic Packaging Products & Materials,"Dublin, Ireland",2024-07-08,2005951,1934,4.08,1.8750999,0.931,23131459584.0,Packaging & Containers,Consumer Cyclical,NYQ,USD,46.91489,12.853357,1.81,0.94,3.43101
SNA,Snap-on,Industrials,Industrial Machinery & Supplies & Components,"Kenosha, Wisconsin",1982-09-30,91440,1920,2.66,0.4827,0.712,18795051008.0,Tools & Accessories,Industrials,NYQ,USD,18.538265,17.028706,9.76,19.6,21.3375
SOLV,Solventum,Health Care,Health Care Technology,"Saint Paul, Minnesota",2024-04-01,1964738,2023,0.0,0.0,0.687,15005221888.0,Medical Instruments & Supplies,Healthcare,NYQ,USD,10.776283,12.191715,0.0,0.0,0.0
SO,Southern Company,Utilities,Electric Utilities,"Atlanta, Georgia",1957-03-04,92122,1945,3.64,0.71809995,0.316,95353585664.0,Utilities - Regulated Electric,Utilities,NYQ,USD,19.973494,16.836576,3.04,4.15,4.92321
LUV,Southwest Airlines,Industrials,Passenger Airlines,"Dallas, Texas",1994-07-01,92380,1967,1.73,0.45,1.12,20370628608.0,Airlines,Industrials,NYQ,USD,26.025,8.840483,0.72,1.6,4.71015
SWK,Stanley Black & Decker,Industrials,Industrial Machinery & Supplies & Components,"New Britain, Connecticut",1982-09-30,93556,1843,3.79,0.8117,1.173,13378564096.0,Tools & Accessories,Industrials,NYQ,USD,21.660145,13.886167,3.36,4.09,6.37973
SBUX,Starbucks,Consumer Discretionary,Restaurants,"Seattle, Washington",2000-06-07,829224,1971,2.6,1.4277,0.965,107114397696.0,Restaurants,Consumer Cyclical,NMS,USD,54.312138,30.183006,2.48,1.73,3.11301
STT,State Street Corporation,Financials,Asset Management & Custody Banks,"Boston, Massachusetts",2003-03-14,93751,1792,2.07,0.29659998,1.418,47960178688.0,Asset Management,Financial Services,NYQ,USD,15.423145,11.366981,3.68,11.32,15.3594
STLD,Steel Dynamics,Materials,Steel,"Fort Wayne, Indiana",2022-12-22,1022671,1993,0.96,0.1869,1.515,31762939904.0,Steel,Basic Materials,NMS,USD,20.09157,11.267049,2.12,11.03,19.66886
STE,Steris,Health Care,Health Care Equipment,"Dublin, Ireland",2019-12-23,1757898,1985,1.22,0.3081,0.914,20475998208.0,Medical Devices,Healthcare,NYQ,USD,25.705017,17.147718,2.58,8.17,12.24711
SYK,Stryker Corporation,Health Care,Health Care Equipment,"Kalamazoo, Michigan",2000-12-12,310764,1941,1.26,0.36060002,0.768,105632186368.0,Medical Devices,Healthcare,NYQ,USD,28.537827,16.471838,3.52,9.65,16.71884
SMCI,Supermicro,Information Technology,"Technology Hardware, Storage & Peripherals","San Jose, California",2024-03-18,1375365,1993,0.0,0.0,1.996,26567075840.0,Computer Hardware,Technology,NMS,USD,12.59816,7.711344,0.0,0.0,0.0
SYF,Synchrony Financial,Financials,Consumer Finance,"Stamford, Connecticut",2015-11-18,1601712,2003,1.9,0.123100005,1.308,23091568640.0,Credit Services,Financial Services,NYQ,USD,7.2789745,6.7875295,1.36,9.75,10.45594
SNPS,Synopsys,Information Technology,Application Software,"Sunnyvale, California",2017-03-16,883241,1986,0.0,0.0,1.227,83350437888.0,Software - Infrastructure,Technology,NMS,USD,75.90576,24.582367,0.0,0.0,0.0
SYY,Sysco,Consumer Staples,Food Distributors,"Houston, Texas",1986-12-31,96021,1969,2.8,0.59290004,0.627,37387145216.0,Food Distribution,Consumer Defensive,NYQ,USD,21.300547,14.513718,2.2,3.66,5.37147
TMUS,T-Mobile US,Communication Services,Wireless Telecommunication Services,"Bellevue, Washington",2019-07-15,1283699,1994,2.87,0.4121,0.331,174931296256.0,Telecom Services,Communication Services,NMS,USD,17.040752,11.295881,4.68,9.57,14.43712
TROW,T. Rowe Price,Financials,Asset Management & Custody Banks,"Baltimore, Maryland",2019-07-29,1113169,1937,4.98,0.5161,1.48,22195515392.0,Asset Management,Financial Services,NMS,USD,10.488912,10.0811825,5.2,9.92,10.32121
TTWO,Take-Two Interactive,Communication Services,Interactive Home Entertainment,"New York City, New York",2018-03-19,946581,1993,0.0,0.0,0.966,38798442496.0,Electronic Gaming & Multimedia,Communication Services,NMS,USD,0.0,0.0,0.0,0.0,0.0
TPR,"Tapestry, Inc.",Consumer Discretionary,"Apparel, Accessories & Luxury Goods","New York City, New York",2004-09-01,1116132,2017,1.62,0.2201,1.432,22938019840.0,Luxury Goods,Consumer Cyclical,NYQ,USD,15.823935,12.926525,1.85,7.27,8.89953
TRGP,Targa Resources,Energy,Oil & Gas Storage & Transportation,"Houston, Texas",2022-10-12,1389170,2005,1.83,0.4063,0.722,57962848256.0,Oil & Gas Midstream,Energy,NYQ,USD,25.866985,22.377415,5.0,10.45,12.07959
TGT,Target Corporation,Consumer Staples,Consumer Staples Merchandise Retail,"Minneapolis, Minnesota",1976-12-31,27419,1902,2.97,0.473,0.986,71182925824.0,Discount Stores,Consumer Defensive,NYQ,USD,16.254148,16.411196,4.64,9.64,9.54775
TEL,TE Connectivity,Information Technology,Electronic Manufacturing Services,"Galway, Ireland",2011-10-17,1385157,2007,1.47,0.285,1.158,61200678912.0,Electronic Components,Technology,NYQ,USD,20.694118,16.341484,3.12,10.2,12.91682
TDY,Teledyne Technologies,Information Technology,Electronic Equipment & Instruments,"Thousand Oaks, California",2020-06-22,1094285,1960,0.0,0.0,0.908,28112982016.0,Scientific & Technical Instruments,Technology,NYQ,USD,29.328661,22.670223,0.0,0.0,0.0
TER,Teradyne,Information Technology,Semiconductor Materials & Equipment,"North Reading, Massachusetts",2020-09-21,97210,1960,0.13,0.0687,1.778,62678573056.0,Semiconductor Equipment & Materials,Technology,NMS,USD,54.994514,34.405582,0.52,7.29,11.65247
TSLA,"Tesla, Inc.",Consumer Discretionary,Automobile Manufacturers,"Austin, Texas",2020-12-21,1318605,2003,0.0,0.0,1.845,1401338986496.0,Auto Manufacturers,Consumer Cyclical,NMS,USD,325.51376,164.03606,0.0,0.0,0.0
TXN,Texas Instruments,Information Technology,Semiconductors,"Dallas, Texas",2001-03-12,97476,1930,2.16,0.85410005,1.314,255791546368.0,Semiconductors,Technology,NMS,USD,42.76183,26.312254,6.08,6.55,10.64485
TPL,Texas Pacific Land Corporation,Energy,Oil & Gas Exploration & Production,"Dallas, Texas",2024-11-26,1811074,1888,0.73,0.2891,0.618,22474018816.0,Oil & Gas E&P,Energy,NYQ,USD,41.8267,4.456099,2.4,7.79,73.12
TXT,Textron,Industrials,Aerospace & Defense,"Providence, Rhode Island",1978-12-31,217346,1923,0.1,0.0150999995,0.898,13250339840.0,Aerospace & Defense,Industrials,NYQ,USD,14.625719,10.491488,0.08,5.21,7.26303
TMO,Thermo Fisher Scientific,Health Care,Life Sciences Tools & Services,"Waltham, Massachusetts",2004-08-03,97745,2006 (1902),0.28,0.09689999,0.854,249597902848.0,Diagnostics & Research,Healthcare,NYQ,USD,36.371227,24.504278,1.88,18.56,27.54825
TJX,TJX Companies,Consumer Discretionary,Apparel Retail,"Framingham, Massachusetts",1985-09-30,109198,1987,1.43,0.325,0.593,146163433472.0,Apparel Retail,Consumer Cyclical,NYQ,USD,24.456562,22.916695,1.92,5.41,5.77352
TKO,TKO Group Holdings,Communication Services,Movies & Entertainment,"New York City, New York",2025-03-24,1973266,2023,1.78,1.0912,0.643,34015553536.0,Entertainment,Communication Services,NYQ,USD,62.402775,38.391373,3.16,2.88,4.68126
TSCO,Tractor Supply,Consumer Discretionary,Other Specialty Retail,"Brentwood, Tennessee",2014-01-24,916365,1938,3.05,0.4896,0.469,16303345664.0,Specialty Retail,Consumer Cyclical,NMS,USD,16.296875,15.277202,0.96,1.92,2.04815
TT,Trane Technologies,Industrials,Building Products,"Dublin, Ireland",2010-11-17,1466258,1871,0.92,0.29659998,1.197,99446079488.0,Building Products & Equipment,Industrials,NYQ,USD,33.629467,25.662369,4.2,13.44,17.61256
TDG,TransDigm Group,Industrials,Aerospace & Defense,"Cleveland, Ohio",2016-06-03,1260221,1993,0.0,0.0,0.893,60553695232.0,Aerospace & Defense,Industrials,NYQ,USD,32.816,22.404661,0.0,0.0,0.0
TRV,Travelers Companies (The),Financials,Property & Casualty Insurance,"New York City, New York",2002-08-21,86312,1853,1.38,0.1223,0.451,74359087104.0,Insurance - Property & Casualty,Financial Services,NYQ,USD,9.58618,11.764808,5.0,37.19,30.30309
TRMB,Trimble Inc.,Information Technology,Application Software,"Westminster, Colorado",2021-01-21,864749,1978,0.0,0.0,1.362,13316900864.0,Scientific & Technical Instruments,Technology,NMS,USD,0.0,0.0,0.0,0.0,0.0
TFC,Truist Financial,Financials,Diversified Banks,"Charlotte, North Carolina",1997-12-04,92230,1872,4.48,0.4782,0.862,56561295360.0,Banks - Regional,Financial Services,NYQ,USD,10.643679,9.274691,2.08,4.35,4.99208
TYL,Tyler Technologies,Information Technology,Application Software,"Plano, Texas",2020-06-22,860731,1966,0.0,0.0,0.835,13047394304.0,Software - Application,Technology,NYQ,USD,41.484375,20.753605,0.0,0.0,0.0
TSN,Tyson Foods,Consumer Staples,Packaged Foods & Meats,"Springdale, Arkansas",2005-08-10,100493,1935,4.0,1.2530999,0.371,17776529408.0,Farm Products,Consumer Defensive,NYQ,USD,31.191357,12.240972,2.04,1.62,4.12794
USB,U.S. Bancorp,Financials,Diversified Banks,"Minneapolis, Minnesota",1999-11-01,36104,1968,3.72,0.4152,0.971,89993052160.0,Banks - Regional,Financial Services,NYQ,USD,11.528941,9.952117,2.16,5.01,5.80379
UBER,Uber,Industrials,Passenger Ground Transportation,"San Francisco, California",2023-12-18,1543151,2009,0.0,0.0,1.159,139935793152.0,Software - Application,Technology,NYQ,USD,15.024123,15.485987,0.0,0.0,0.0
UDR,"UDR, Inc.",Real Estate,Multi-Family Residential REITs,"Highlands Ranch, Colorado",2016-03-07,74208,1972,5.19,1.0918,0.685,12430799872.0,REIT - Residential,Real Estate,NYQ,USD,21.234177,59.910713,1.74,1.58,0.56
ULTA,Ulta Beauty,Consumer Discretionary,Other Specialty Retail,"Bolingbrook, Illinois",2016-04-18,1403568,1990,0.0,0.0,0.854,23352848384.0,Specialty Retail,Consumer Cyclical,NMS,USD,19.962353,17.0255,0.0,0.0,0.0
UNP,Union Pacific Corporation,Industrials,Rail Transportation,"Omaha, Nebraska",1957-03-04,100885,1862,2.09,0.447,0.966,161665777664.0,Railroads,Industrials,NYQ,USD,22.052675,19.178617,5.68,12.34,14.18924
UAL,United Airlines Holdings,Industrials,Passenger Airlines,"Chicago, Illinois",2015-09-03,100517,1967,0.0,0.0,1.272,36011012096.0,Airlines,Industrials,NMS,USD,10.546577,7.619093,0.0,0.0,0.0
UPS,United Parcel Service,Industrials,Air Freight & Logistics,"Sandy Springs, Georgia",2002-07-22,1090727,1907,6.98,1.2193,1.038,79497035776.0,Integrated Freight & Logistics,Industrials,NYQ,USD,17.36803,11.644993,6.56,5.38,8.02405
URI,United Rentals,Industrials,Trading Companies & Distributors,"Stamford, Connecticut",2014-09-20,1067701,1997,0.78,0.18090001,1.787,62291038208.0,Rental & Leasing Services,Industrials,NYQ,USD,24.074574,17.460157,7.88,41.57,57.31793
UNH,UnitedHealth Group,Health Care,Managed Health Care,"Eden Prairie, Minnesota",1994-07-01,731766,1977,2.53,0.5752,0.622,329489088512.0,Healthcare Plans,Healthcare,NYQ,USD,23.591259,16.235157,9.28,15.56,22.61019
UHS,Universal Health Services,Health Care,Health Care Facilities,"King of Prussia, Pennsylvania",2014-09-20,352915,1979,0.46,0.0327,1.061,10270276608.0,Medical Care Facilities,Healthcare,NYQ,USD,7.112653,7.261015,0.8,24.5,23.9994
VLO,Valero Energy,Energy,Oil & Gas Refining & Marketing,"San Antonio, Texas",2002-12-20,1035002,1980,1.24,0.1943,0.568,111603556352.0,Oil & Gas Refining & Marketing,Energy,NYQ,USD,16.17063,10.189423,4.8,23.97,38.04043
VEEV,Veeva Systems,Health Care,Health Care Technology,"Pleasanton, California",2026-05-07,1393052,2007,0.0,0.0,0.974,46216884224.0,Health Information Services,Healthcare,NYQ,USD,46.795086,27.847044,0.0,0.0,0.0
VTR,Ventas,Real Estate,Health Care REITs,"Chicago, Illinois",2009-03-04,740260,1998,2.39,3.6364002,0.724,43610697728.0,REIT - Healthcare Facilities,Real Estate,NYQ,USD,154.5818,107.62025,2.08,0.55,0.79
VLTO,Veralto,Industrials,Environmental & Facilities Services,"Waltham, Massachusetts",2023-10-02,1967680,2023,0.54,0.1259,0.759,22994587648.0,Pollution & Treatment Controls,Industrials,NYQ,USD,23.758186,19.773668,0.52,3.97,4.76998
VRSN,Verisign,Information Technology,Internet Services & Infrastructure,"Reston, Virginia",2006-02-01,1014473,1995,1.16,0.3431,0.699,25493704704.0,Software - Infrastructure,Technology,NMS,USD,30.61998,25.494204,3.24,9.21,11.06173
VRSK,Verisk Analytics,Industrials,Research & Consulting Services,"Jersey City, New Jersey",2015-10-08,1442145,1971,1.19,0.2919,0.662,21992015872.0,Consulting Services,Industrials,NMS,USD,25.783411,19.296741,2.0,6.51,8.69836
VZ,Verizon,Communication Services,Integrated Telecommunication Services,"New York City, New York",1983-11-30,732712,1983 (1877),6.15,0.7279,0.24,190579539968.0,Telecom Services,Communication Services,NYQ,USD,11.9453125,8.660877,2.83,3.84,5.29623
VRTX,Vertex Pharmaceuticals,Health Care,Biotechnology,"Boston, Massachusetts",2013-09-23,875320,1989,0.0,0.0,0.32,132427776000.0,Biotechnology,Healthcare,NMS,USD,30.39593,26.019768,0.0,0.0,0.0
VRT,Vertiv,Industrials,Electrical Components & Equipment,"Westerville, Ohio",2026-03-23,1674101,2016,0.1,0.0509,2.075,92901490688.0,Electrical Equipment & Parts,Industrials,NYQ,USD,54.471786,26.452583,0.25,4.43,9.12236
VTRS,Viatris,Health Care,Pharmaceuticals,"Pittsburgh, Pennsylvania",2004-04-23,1792044,1961,2.65,9.6,0.883,20353028096.0,Drug Manufacturers - Specialty & Generic,Healthcare,NMS,USD,0.0,0.0,0.0,0.0,0.0
VICI,Vici Properties,Real Estate,Hotel & Resort REITs,"New York City, New York",2022-06-08,1705696,2017,7.93,0.69769996,0.682,25291749376.0,REIT - Diversified,Real Estate,NYQ,USD,8.903101,7.682274,1.84,2.58,2.99
V,Visa Inc.,Financials,Transaction & Payment Processing Services,"San Francisco, California",2009-12-21,1403161,1958,0.73,0.22129999,0.761,674590031872.0,Credit Services,Financial Services,NYQ,USD,30.685738,23.948467,2.68,11.71,15.0043
VST,Vistra Corp.,Utilities,Electric Utilities,"Irving, Texas",2024-05-08,1692819,2016,0.65,0.1535,1.414,46435131392.0,Utilities - Independent Power Producers,Utilities,NYQ,USD,23.330524,13.34702,0.92,5.93,10.36561
VMRK,Vivmark Residential,Real Estate,Multi-Family Residential REITs,"Chicago, Illinois",2001-12-03,906107,1969,4.58,0.96980006,0.537,47014817792.0,REIT - Residential,Real Estate,NYQ,USD,23.279694,41.32771,2.81,2.61,1.4702
VMC,Vulcan Materials Company,Materials,Construction Materials,"Birmingham, Alabama",1999-06-30,1396009,1909,0.86,0.2382,1.054,31698847744.0,Building Materials,Basic Materials,NYQ,USD,29.15733,22.966589,2.08,8.39,10.65156
WRB,W. R. Berkley Corporation,Financials,Property & Casualty Insurance,"Greenwich, Connecticut",2019-12-05,11544,1967,0.59,0.0761,0.283,25072707584.0,Insurance - Property & Casualty,Financial Services,NYQ,USD,13.8971195,13.951922,0.4,4.86,4.84091
GWW,W. W. Grainger,Industrials,Industrial Machinery & Supplies & Components,"Lake Forest, Illinois",1981-06-30,277135,1927,0.8,0.23629999,1.034,58816217088.0,Industrial Distribution,Industrials,NYQ,USD,31.771488,24.454767,9.96,39.21,50.9414
WAB,Wabtec,Industrials,Construction Machinery & Heavy Transportation Equipment,"Pittsburgh, Pennsylvania",2019-02-27,943452,1999 (1869),0.43,0.1507,0.921,48507817984.0,Railroads,Industrials,NYQ,USD,39.23224,23.056461,1.24,7.32,12.45551
WMT,Walmart,Consumer Staples,Consumer Staples Merchandise Retail,"Bentonville, Arkansas",1982-08-31,104169,1962,0.93,0.3496,0.595,824474861568.0,Discount Stores,Consumer Defensive,NMS,USD,37.516247,32.173874,0.99,2.77,3.22995
DIS,Walt Disney Company (The),Communication Services,Movies & Entertainment,"Burbank, California",1976-06-30,1744489,1923,1.42,0.3093,1.409,181129445376.0,Entertainment,Communication Services,NYQ,USD,21.628866,14.022002,1.5,4.85,7.4811
WBD,Warner Bros. Discovery,Communication Services,Broadcasting,"New York City, New York",2022-04-11,1437107,2022 (Warner Bros. 1923),0.0,0.0,1.571,77595885568.0,Entertainment,Communication Services,NMS,USD,0.0,0.0,0.0,0.0,0.0
WM,Waste Management,Industrials,Environmental & Facilities Services,"Houston, Texas",1998-08-31,823768,1968,1.83,0.5007,0.431,81509924864.0,Waste Management,Industrials,NYQ,USD,28.883852,22.364138,3.78,7.06,9.11817
WAT,Waters Corporation,Health Care,Life Sciences Tools & Services,"Milford, Massachusetts",2002-01-02,1000697,1958,0.0,0.0,1.194,43141885952.0,Diagnostics & Research,Healthcare,NYQ,USD,112.37596,26.554556,0.0,0.0,0.0
WEC,WEC Energy Group,Utilities,Electric Utilities,"Milwaukee, Wisconsin",2008-10-31,783325,1896,3.71,0.71650004,0.457,32839100416.0,Utilities - Regulated Electric,Utilities,NYQ,USD,19.916996,16.799747,3.81,5.06,5.9989
WFC,Wells Fargo,Financials,Diversified Banks,"San Francisco, California",1976-06-30,72971,1852,2.49,0.2616,0.916,242071142400.0,Banks - Diversified,Financial Services,NYQ,USD,11.635175,10.085243,2.0,6.88,7.93734
WELL,Welltower,Real Estate,Health Care REITs,"Toledo, Ohio",2009-01-30,766704,1970,1.46,1.3274001,0.76,165904515072.0,REIT - Healthcare Facilities,Real Estate,NYQ,USD,103.246635,72.40252,3.4,2.23,3.18
WST,West Pharmaceutical Services,Health Care,Health Care Supplies,"Exton, Pennsylvania",2020-05-22,105770,1923,0.23,0.1114,1.135,26092517376.0,Medical Instruments & Supplies,Healthcare,NYQ,USD,47.533333,37.138874,0.88,7.8,9.98307
WDC,Western Digital,Information Technology,"Technology Hardware, Storage & Peripherals","San Jose, California",2009-07-01,106040,1970,0.13,0.0186,2.182,163851419648.0,Computer Hardware,Technology,NMS,USD,16.869339,14.313912,0.6,26.94,31.74953
WY,Weyerhaeuser,Real Estate,Timber REITs,"Seattle, Washington",1979-10-01,106535,1900,4.3,1.2727,0.89,13730020352.0,REIT - Specialty,Real Estate,NYQ,USD,29.765625,28.328821,0.84,0.64,0.67246
WSM,"Williams-Sonoma, Inc.",Consumer Discretionary,Homefurnishing Retail,"San Francisco, California",2025-03-24,719955,1956,1.32,0.2913,1.463,26844039168.0,Specialty Retail,Consumer Cyclical,NYQ,USD,23.378462,21.679419,3.04,9.75,10.51412
WMB,Williams Companies,Energy,Oil & Gas Storage & Transportation,"Tulsa, Oklahoma",1975-03-31,107263,1908,3.06,0.8167,0.618,83138699264.0,Oil & Gas Midstream,Energy,NYQ,USD,27.079681,26.381058,2.1,2.51,2.57647
WTW,Willis Towers Watson,Financials,Insurance Brokers,"London, United Kingdom",2016-01-05,1140536,2016,1.33,0.2328,0.417,26768478208.0,Insurance Brokers,Financial Services,NMS,USD,17.858118,12.611991,3.84,16.14,22.85365
WDAY,"Workday, Inc.",Information Technology,Application Software,"Pleasanton, California",2024-12-23,1327811,2005,0.0,0.0,1.082,45900861440.0,Software - Application,Technology,NMS,USD,38.790226,14.392828,0.0,0.0,0.0
WYNN,Wynn Resorts,Consumer Discretionary,Casinos & Gaming,"Paradise, Nevada",2008-11-14,1174922,2002,1.28,0.23979999,0.991,8179215872.0,Resorts & Casinos,Consumer Cyclical,NMS,USD,19.047962,15.416297,1.0,4.17,5.15234
XEL,Xcel Energy,Utilities,Multi-Utilities,"Minneapolis, Minnesota",1957-03-04,72903,1909,3.35,0.637,0.399,44024229888.0,Utilities - Regulated Electric,Utilities,NMS,USD,19.30959,15.523136,2.37,3.65,4.54032
XYL,Xylem Inc.,Industrials,Industrial Machinery & Supplies & Components,"White Plains, New York",2011-11-01,1524472,2011,1.7,0.3952,1.0,23645208576.0,Specialty Industrial Machinery,Industrials,NYQ,USD,24.111904,16.214848,1.72,4.2,6.24551
YUM,Yum! Brands,Consumer Discretionary,Restaurants,"Louisville, Kentucky",1997-10-06,1041061,1997,2.18,0.3678,0.551,37207334912.0,Restaurants,Consumer Cyclical,NYQ,USD,17.149685,19.674648,3.0,7.95,6.92973
ZBRA,Zebra Technologies,Information Technology,Electronic Equipment & Instruments,"Lincolnshire, Illinois",2019-12-23,877212,1969,0.0,0.0,1.607,17782022144.0,Communication Equipment,Technology,NMS,USD,34.248627,16.816023,0.0,0.0,0.0
ZBH,Zimmer Biomet,Health Care,Health Care Equipment,"Warsaw, Indiana",2001-08-07,1136869,1927,1.05,0.233,0.471,16943229952.0,Medical Devices,Healthcare,NYQ,USD,21.56068,9.796785,0.96,4.12,9.06726
ZTS,Zoetis,Health Care,Pharmaceuticals,"Parsippany, New Jersey",2013-06-21,1555280,1952,3.02,0.3361,0.729,28855406592.0,Drug Manufacturers - Specialty & Generic,Healthcare,NYQ,USD,11.391518,10.691364,2.12,6.13,6.53144
